word,frequency
subject,2046
lexan,6
polish,24
jeff,74
jonathan,120
jefferies,6
article,1588
wilken,10
scott,16
write,2012
couple,128
year,334
ago,100
replace,90
stock,104
windscreen,12
interceptor,20
high,150
one,1156
national,20
cycle,72
thing,518
happen,168
make,778
anyone,388
recommend,88
use,596
safe,62
start,266
show,178
scratch,60
I,2
d,16
like,1158
go,1162
fast,214
internet,88
ama,234
take,652
chance,88
uucp,16
uunet,72
plain,18
bitnet,4
suggest,68
mcquire,4
plastic,72
help,232
somewhat,26
nothing,168
remove,78
deep,32
without,168
bad,186
already,88
something,288
fine,100
light,208
stuff,194
also,390
call,202
local,96
shop,106
tap,26
chain,212
carry,134
need,524
repair,32
sometimes,54
replacement,46
bit,164
telephone,8
bay,36
area,176
sure,258
amenable,2
shipping,24
find,304
several,74
excellent,28
product,26
clean,102
crap,12
face,154
shield,18
work,416
real,178
well,800
sticky,14
adhessive,2
wihtout,2
luck,62
blgardne,10
dance,24
biker,276
faq,60
periodic,4
post,336
intend,22
answer,102
frequently,12
ask,190
question,300
first,408
month,78
expiration,4
time,616
thus,38
unless,120
site,24
news,52
software,34
always,138
available,94
witdodfaq,2
crossposte,4
four,48
group,100
attempt,38
catch,62
new,546
user,16
followup,6
direct,8
last,290
change,194
add,44
message,70
kotl,44
halon,2
version,26
collection,6
originally,14
assemble,16
lissa,8
shoun,8
original,56
posting,22
permission,8
usurped,2
title,12
kotwitdodfaq,2
correction,8
addition,22
bribe,2
etc,172
aim,14
content,8
get,1616
number,152
blaine,122
gardner,116
road,376
rider,422
bruce,52
tanner,28
john,190
sloan,10
logo,4
chuck,86
roger,26
denizen,88
doom,54
anthem,4
quist,76
kill,90
courtesy,6
patch,60
letter,38
museum,26
jim,68
rogers,54
director,16
rule,84
consensus,6
resource,8
various,34
keeper,52
misc,2
loki,6
jorgenson,4
update,12
stat,4
ride,1206
info,88
ed,274
green,182
other,66
second,134
must,156
simple,44
list,388
accept,22
substitue,2
feel,202
creative,6
favorite,20
request,98
approval,2
warning,32
likely,68
earn,8
flame,188
will,90
pay,140
oh,130
little,368
tiny,16
suggestion,90
play,48
lightning,16
rod,26
whole,64
net,70
look,574
clueless,4
newbie,66
probably,196
note,84
secret,8
leave,358
around,274
un,8
subtle,12
hint,20
divulge,2
mention,108
name,178
maybe,180
though,156
keep,334
true,108
spirit,24
unix,14
two,392
long,252
spell,10
entirely,18
hexadecimal,4
character,4
share,18
orient,2
text,8
utility,2
third,28
occasionally,14
see,644
bestow,2
mostly,14
bonehead,2
weenie,12
mailer,6
fourth,12
reason,134
suspect,26
newsflash,2
surmount,2
intellectual,2
pinnacle,4
electronically,8
grovel,2
please,278
mind,104
indeed,16
live,200
pacify,2
boss,8
do,142
may,336
languish,2
mail,108
queue,12
gasp,4
day,308
perhaps,78
even,394
horror,6
week,160
economic,2
activity,20
part,166
employer,48
send,132
yet,118
another,186
copy,40
speed,220
processing,2
verification,2
phenominon,2
excersize,2
reader,36
problem,270
least,250
annotate,2
subsequent,2
indication,6
former,78
submit,8
lest,4
assign,6
multiple,14
think,616
memorize,6
say,744
telepathic,2
power,110
provide,70
information,60
ya,34
typical,26
entry,4
contain,28
address,76
example,62
can,332
ps,16
access,62
bike,2094
requirement,16
membership,42
strictly,4
lack,20
denizens,2
august,16
reprint,4
motorcyclist,78
together,80
normal,50
bunch,22
discuss,30
motorcycle,634
motorcycling,32
beverage,2
fluid,4
baklavah,2
balaclava,2
caltrop,2
helmet,438
spine,2
protector,10
aerodynamic,2
valve,92
seat,146
bird,4
hit,136
deer,10
whistle,2
good,710
restaurant,4
race,44
philosophy,10
traffic,138
law,152
ticket,98
corrosion,2
control,62
personality,10
pun,2
double,2
entendre,2
culture,6
absence,6
friendship,4
argue,20
plan,64
difference,102
club,86
although,56
everyday,4
never,296
member,104
know,774
world,140
communicate,20
via,52
computer,66
range,40
laptop,2
dollar,24
center,46
people,346
college,28
university,100
student,66
industry,6
professional,10
electronic,16
currently,40
pronounce,4
file,74
primary,20
meeting,28
place,194
per,24
read,254
estimate,14
frequent,4
poster,14
belong,8
usually,112
refer,39
nickerson,4
parody,4
design,92
poke,6
fun,96
stereotype,32
fellow,18
enthusiast,12
robinson,82
pen,6
later,104
sign,62
nr,8
designate,14
retroactively,2
course,216
originator,2
give,314
idea,146
organization,40
appeal,6
many,188
become,66
issue,44
want,470
date,28
almost,80
united,44
states,4
canada,102
australia,4
zealand,16
kingdom,40
france,6
germany,6
norway,6
finland,6
eventually,28
initial,20
run,322
sell,160
immediately,10
profit,14
american,24
heritage,14
foundation,18
amhf,4
fund,12
raiser,2
selling,12
pin,46
arnie,34
skurow,16
project,34
successful,12
donate,10
far,220
contribute,18
plaque,10
hang,42
often,68
possible,106
crawl,2
behind,184
crt,4
turn,358
large,176
concentration,6
near,88
colorado,16
california,64
silicon,4
valley,20
consequently,4
major,36
event,40
annual,50
assault,6
rollin,8
pass,144
northern,14
versus,10
southern,16
joust,20
trip,66
follow,114
big,212
barbecue,2
dinner,18
concept,8
south,22
north,36
predesignate,2
somewhere,24
middle,22
additional,26
hold,124
official,50
homecoming,4
conjunction,2
columbus,18
ohio,14
july,10
bet,30
collective,10
communication,10
hub,4
traditional,14
prowl,2
pathway,4
search,20
camaraderie,2
great,232
way,430
kindre,2
centerbar,2
motto,6
ease,14
gratuitously,2
insult,6
someone,258
would,982
anything,214
disagree,22
network,8
sophisticated,10
intelligent,8
form,58
calm,8
rebuttal,2
incredibly,4
stupid,104
statement,40
poseur,8
guarantee,18
five,28
reply,42
defense,4
describe,32
riding,106
ability,38
cat,76
saga,2
periodically,4
raise,114
class,62
sky,14
blue,62
god,90
much,420
suffer,28
woman,58
inevitably,2
tell,288
nice,136
guy,192
dump,32
kind,112
steep,6
mysticism,2
tradition,4
inspire,8
research,26
discussion,44
philosopher,2
locker,4
room,44
service,54
hall,38
academe,2
generation,2
minute,100
eternity,2
halting,2
really,364
away,156
topologically,2
speak,64
machine,104
atlanta,4
might,206
route,56
system,156
chicago,60
chap,8
wished,4
remain,60
anonymous,26
satire,2
war,22
wish,54
identify,26
stalwart,2
individual,50
fullness,2
whit,2
generally,48
right,526
flaming,2
amusement,4
holder,2
funniest,6
sort,90
pretty,136
easily,48
amuse,6
claim,56
strike,28
vision,70
due,62
restriction,18
brand,48
model,82
origin,6
organize,18
yearning,1
identity,2
gestalt,2
sum,4
could,388
nerd,4
wear,146
black,134
sock,6
sneaker,2
pocket,24
love,82
risk,6
awesome,10
weight,106
ratio,24
social,8
outcast,4
clique,2
finally,46
open,114
minded,10
enough,218
we,226
clear,44
case,114
self,14
fulfil,2
prophesy,2
bear,22
majority,8
meet,76
loose,20
sense,58
word,116
volunteer,4
amongst,2
region,2
series,22
photo,14
album,8
circulate,2
country,54
music,16
video,12
produce,46
distribute,8
vhs,4
end,208
sanction,2
limit,88
memory,10
clock,8
rate,64
engine,188
management,16
poker,24
participant,6
collect,8
hand,192
hardware,6
reference,22
card,10
rally,40
attendee,4
demand,10
terminal,4
admit,36
receive,28
email,108
late,60
include,94
state,246
forever,8
next,194
decide,94
daemon,18
x,70
l,22
f,48
v,36
e,46
vvvvv,2
usenet,42
welcome,40
flamingest,2
wonderfull,2
protect,42
guilty,16
innocent,12
alike,4
recognize,18
contorted,2
guilt,4
complex,22
working,12
weep,2
tune,38
conversation,8
hero,2
terrible,54
barbarian,2
extoll,2
virtue,2
hopalonga,26
reverend,2
muck,34
mudgers,2
stompin,14
beat,50
bmws,22
dead,98
mean,254
preach,4
lighten,10
bmw,572
crowd,18
eh,22
heck,28
complete,26
man,118
nahhhh,2
sound,140
heritick,14
ratatnack,4
hey,156
intercorruptor,2
waddya,2
reinforcement,2
yehh,2
come,322
arlow,10
scarecrow,2
tech,12
let,218
try,392
civil,2
hi,56
burley,12
thumpison,10
ahhh,2
gag,4
stand,116
anyway,128
wilhelm,2
actually,168
hmmm,22
either,110
chunky,14
smart,16
average,52
drop,60
booboo,2
villy,2
ogle,2
okay,52
mistake,16
west,16
coasters,2
arrive,26
lead,46
tread,20
orange,12
dill,10
snorkssy,2
buck,60
garnish,2
snob,10
rasseller,2
perenial,2
hooter,10
boobin,2
brush,6
heya,2
yer,18
front,376
back,518
bias,4
nahhh,2
hoot,6
tree,6
carbujector,4
hell,106
ai,44
alumican,2
tilloslert,2
ahh,4
honest,16
quiet,24
supreme,2
level,74
head,212
opinion,262
luggage,12
sourkraut,2
nahhhhh,2
yesss,4
yessssss,2
resolve,6
crew,10
cohort,2
polyanna,10
stirrup,4
infamous,4
booster,10
robiksen,2
cavortin,6
special,34
helpful,28
ole,4
ventral,4
sumarikis,2
kersnapis,2
hate,60
mucho,26
guzler,10
lepurra,2
nawwwwww,2
tridump,10
chew,14
gum,8
auggggg,2
waddda,2
heyya,2
tryin,2
demon,4
zoom,2
pill,4
turret,2
phalanx,4
lifter,2
dorsal,2
coaster,2
pour,4
maulle,6
beerstein,2
sit,92
bikejector,2
suddenly,28
dark,16
nurth,2
kite,4
lanolin,2
prefer,34
robot,2
transformer,2
personally,44
coast,28
aviator,4
sourgas,2
frame,98
guess,96
gasket,12
roar,8
screech,16
latest,2
thunder,4
none,22
bikata,2
cabammerxorn,4
to,56
nothin,6
sob,10
inferior,6
proof,14
burst,10
song,22
singing,2
beemer,46
babe,20
thrill,4
wadddoe,2
wilhem,2
ensue,4
argument,26
cloud,10
greatest,2
boom,52
bickering,4
bigot,2
suction,2
childish,8
action,30
puhlease,2
heros,2
gut,10
wretching,2
episode,6
yearn,3
riderless,2
ever,190
increase,70
cast,12
technical,18
air,72
heady,2
material,12
viewer,2
discretion,2
advise,4
script,6
scene,16
sterile,2
engineering,42
office,10
lone,20
figure,70
printer,2
output,8
bin,8
white,58
cdc,2
lab,34
coat,28
mechanical,2
pencil,2
editor,14
deal,64
ironhorse,2
analyst,4
whim,2
yessir,2
nosir,2
mother,12
life,106
slowly,14
build,64
background,10
norton,10
triumph,22
mountain,20
donut,10
evade,6
police,82
terrorize,2
old,190
lady,90
rape,12
small,160
child,46
eat,74
dog,642
tea,4
short,88
rips,2
reveal,4
leather,98
jacket,124
fringe,6
boot,84
cap,34
simultaneously,6
top,114
obviously,58
throng,2
angel,14
harley,178
gunning,2
shower,6
nail,18
leak,12
oil,122
tarmac,2
standing,6
heavily,6
chrome,22
fat,18
boy,48
sing,4
lumberjack,2
night,148
echo,24
chorus,10
surprisingly,10
heavy,64
tenor,2
lunch,16
wednesday,12
skyline,4
glee,6
refrain,6
somehow,8
seem,344
fit,162
worst,6
ck,2
sh,10
heel,8
bright,22
pink,6
full,120
bra,16
dear,14
mama,2
understand,90
manage,40
still,310
joke,20
sometime,8
distant,12
past,50
hapless,2
department,16
naturally,4
watch,114
movie,44
gun,48
rose,2
occasion,18
classify,4
rest,58
history,22
variation,6
security,22
theme,6
supply,26
disinformation,2
notable,2
contribution,6
contributer,2
daughter,6
democracy,2
doer,2
dancer,4
despair,2
debaser,2
dickweed,2
denver,10
driveway,36
death,36
debaucher,2
donuts,2
dumper,2
dirtbike,20
comprehensive,8
appear,48
limited,40
imagination,10
dictionary,4
archive,28
ilana,2
stern,4
set,90
tour,54
vanish,6
unknown,24
location,8
appropriate,34
medium,6
disk,24
space,32
ftp,16
scan,8
folk,86
gawk,2
server,30
yellow,10
page,12
general,68
excerpt,4
command,14
body,90
current,46
dir,4
line,160
vms,2
style,42
specification,2
spec,8
directory,4
uuencoded,4
ascii,2
wildcard,2
allow,60
maximum,42
round,32
cerrito,14
norwalk,6
comment,82
put,312
quite,144
effort,36
useful,20
since,186
favor,20
hour,82
hear,196
trinket,2
reaction,18
sick,20
amazing,10
variety,14
widget,4
create,30
anywhere,26
buy,354
exclusivity,2
simply,36
store,74
creation,2
procedure,12
thinking,58
frammitz,2
cost,152
order,154
batch,8
frammitze,2
cover,104
quickly,34
consume,6
doodad,2
act,64
somebody,62
void,2
fill,32
anarchy,2
possibly,40
incomplete,2
merchandise,4
perpetrator,2
sticker,48
license,40
plate,40
polo,2
shirt,2
zippo,2
lighters,2
ltf,2
ftl,2
belt,6
buckle,2
rapidly,6
popular,6
association,16
june,12
dollars,2
visit,24
founder,4
wall,24
regard,64
mon,4
apr,102
gmt,60
congratulation,2
expression,2
gratitude,4
recent,14
donation,2
total,50
amount,76
behalf,2
extend,30
heartfeld,2
presently,8
prepare,32
everyone,66
invite,6
instal,32
foyer,2
mount,48
thank,210
support,44
fulfillment,2
goal,6
sincerely,6
bulletin,8
board,18
purchase,62
goody,6
regulation,2
bylaw,2
fan,2
govern,4
regular,10
basis,14
obtain,18
cerritos,6
maintain,36
dave,204
williams,2
filename,8
n,34
vendor,6
phone,60
bob,68
pakser,2
rev,50
witdod,2
surprise,24
truly,34
respective,4
texts,2
accessory,30
review,36
announcement,4
famous,10
llama,6
emporium,2
veritable,4
plethora,2
tm,60
base,48
experience,144
invaluable,4
gem,2
highly,12
value,24
potential,12
reduce,34
noise,36
personal,40
submission,4
ie,32
return,56
domain,4
subdomain,2
host,4
username,4
header,28
similar,80
path,18
interested,56
template,2
format,6
less,162
unsure,4
relate,36
cite,14
tend,58
move,166
target,30
rather,126
every,146
occurence,2
stick,68
readership,2
approximate,6
organized,2
summer,66
feed,14
strong,38
collapse,4
tunnel,2
east,16
rcr,6
nh,24
fl,4
blueridge,2
mountains,2
carolina,4
pacific,6
northwest,2
northw,2
dryside,2
gather,16
gpndg,2
excuse,22
worth,66
utah,26
everything,92
monster,14
xrs,2
vintage,10
steamboat,2
spring,44
netter,4
occasional,12
labor,4
european,24
stage,8
ad,22
reasonable,54
evans,38
sutherland,74
arapeen,4
drive,342
slc,4
bix,4
half,56
vehicle,84
kickstarte,4
mane,10
steve,80
oops,8
wm,46
ranck,124
mentally,4
kick,30
home,118
friday,18
mile,230
rain,42
darkness,2
push,110
preparation,6
friend,184
house,50
pose,10
land,14
side,236
lower,12
fairing,16
crack,32
mirror,124
upper,8
fair,72
damn,76
going,38
fix,54
cheap,88
alone,24
sister,8
incessant,2
pain,32
ass,20
wanting,2
jose,24
lindner,2
canaan,2
ct,2
fall,60
perfect,36
condition,50
story,78
fifteen,4
liability,42
waiver,2
getting,30
walk,58
pizza,2
street,130
boyfriend,2
happy,76
persistent,4
wanker,2
horrendous,4
racket,2
torture,4
red,116
crash,48
towards,32
obvious,28
source,52
disturbance,2
lay,24
rear,180
wheel,236
spin,10
wildly,4
groping,2
switch,108
stare,6
disbelief,2
slice,6
mouth,28
matty,10
manager,12
slide,74
beside,10
shit,60
flhs,6
inch,24
witness,34
lift,40
foot,170
clutch,62
gravity,6
engage,14
quick,32
stutter,2
embarrassed,4
shock,24
snatch,2
credit,8
imprint,2
signature,6
twenty,6
color,16
pale,6
flush,4
present,20
bust,2
hairline,2
mask,2
damage,78
split,48
shortly,4
afterwards,4
hook,18
piece,98
except,38
charge,76
december,4
uncontested,2
stephen,12
manes,24
associates,6
york,38
ny,26
usa,48
randy,116
davis,42
miracle,32
egreen,136
wave,268
whether,40
lowly,4
sport,74
girlfriend,10
recipient,6
initiate,2
friendly,34
despite,14
pilot,56
ucsd,18
megatek,18
paraphernalia,4
stafford,136
doc,28
bunis,24
decal,6
thick,26
vinyl,4
geeky,12
temporary,8
tatoo,4
rub,32
exempt,6
razz,4
minnesota,44
winona,42
standard,124
disclaimer,138
apply,116
maven,70
norman,68
hamer,64
waving,2
nod,8
lot,224
mood,12
wonderful,16
spend,82
gesture,4
sunny,10
today,72
salvage,4
stretch,26
lotsa,24
lean,160
bend,12
impromptu,4
coffee,16
bullshit,4
puyallup,2
kinda,34
nonetheless,2
admire,6
mavenry,2
alternet,2
mjmuise,12
mike,268
muise,10
drinking,116
thumb,46
sobriety,16
cycling,16
sober,20
drink,122
tonight,24
tomorrow,26
fairly,76
cautious,8
guideline,20
low,162
tolerance,6
mass,12
cop,194
dare,18
commercial,8
hrs,8
legal,38
quote,32
electrical,4
waterloo,4
fear,42
pixel,92
cruncher,92
insect,20
impact,72
jlevine,76
jody,110
levine,112
helmetless,14
um,16
horseback,4
enjoy,42
bug,28
terrain,8
fly,30
jeep,18
suppose,46
snow,30
ski,26
poeple,4
goggle,10
cruiser,36
negligible,6
highway,68
mph,90
buggy,4
evening,26
goggleless,4
ninjaite,62
picture,86
grateful,60
brian,18
w,86
simmons,4
cultural,14
passersby,2
waved,2
car,306
index,4
finger,22
steering,48
attest,4
particularly,24
hot,52
along,50
truck,56
toss,8
cold,48
beer,38
prove,18
fluke,2
unsolicited,2
wow,16
jrwater,18
jack,48
water,52
enquiry,12
irwin,52
arnstein,14
azw,48
andy,96
woodward,66
fascinate,8
check,122
sale,130
redneck,26
slang,4
sunburn,10
neck,42
perform,36
outdoors,6
specify,10
distinguish,4
whose,20
chest,18
elitist,4
wealthy,4
idiotic,6
quest,10
skin,18
pigmentation,4
badge,10
leisure,4
overdo,6
instead,68
ignorant,24
intolerant,10
outside,40
tuba,12
honk,12
therefore,24
tx,34
awfully,2
close,106
attitude,42
shoe,16
age,8
lover,2
planet,4
earth,26
correlation,2
believe,60
necessarily,38
superior,6
conservative,4
waters,14
ii,36
thief,26
afternoon,16
asleep,18
worry,52
sturdevant,20
crutch,16
previous,92
pooder,10
fearn,6
break,82
leg,72
accident,64
woulda,2
thunk,10
gretchen,6
rack,16
metal,34
pull,172
six,8
crutche,4
handlebars,2
aesthetically,2
pleasing,2
attach,12
knee,26
rebuild,12
asap,6
passenger,162
tie,10
tight,42
problemo,4
bclarke,52
kawi,38
zephyr,46
vs,16
gpz,30
shadow,16
asphaug,80
erik,60
essentially,36
discontinue,4
certain,52
americans,8
dealership,16
extra,40
clarke,52
environment,20
svoboda,140
david,168
cookson,144
noemi,26
satan,16
cuddle,4
talk,120
bout,6
makes,2
bore,28
extreme,18
weirdness,2
across,40
desert,6
borrow,4
fuck,28
cjackson,84
curtis,76
jackson,74
coburnn,22
nicholas,4
coburn,22
hawk,112
modify,8
brother,44
racing,30
huge,18
tank,152
additionally,8
firmly,14
honda,246
puny,4
gal,8
decent,36
aftermarket,16
solution,16
gt,70
maxim,28
kotb,44
mix,34
studley,22
doright,22
george,30
justification,24
freedom,32
guise,24
public,74
safety,62
thomas,24
jefferson,24
welch,6
ok,118
southeastern,2
farmer,4
permanently,4
sun,54
british,18
empire,2
shine,8
wale,10
despicable,2
lie,36
diary,2
wrong,82
shoot,22
enlighten,8
incoherent,2
spluttering,4
deserve,14
calamine,2
lotion,2
bored,14
wind,84
bomb,4
fish,4
barrel,6
haaaaaaaaaaave,2
niiiiiiiiiiiiiiice,2
daaaaaaaaaaaaaaaaaaaaaay,2
eric,54
countersteere,174
awful,8
debate,10
handle,124
foward,6
turning,14
explain,38
convert,10
hmm,6
able,80
outrigger,4
demento,4
jdk,2
jennet,2
kirschenbaum,2
station,28
prov,2
ri,2
wbcn,2
recording,2
breeze,8
salt,14
lake,24
city,44
wonderfully,4
catatonic,2
flight,2
bag,78
especially,60
girlie,2
sexy,2
voice,16
morning,50
tool,54
prevent,24
dive,6
ravi,12
narayan,4
groh,18
lucky,22
tod,16
johnson,26
jump,52
indiscreet,2
laz,14
what,8
s,38
sig,6
fool,16
cs,4
wpi,2
c,78
phaedra,2
spare,26
yuppie,2
wine,6
bar,142
taxi,2
porsche,14
load,42
halt,4
cheer,18
confidence,4
slugging,2
judgement,16
hard,190
stay,78
alive,6
length,18
stack,14
odd,12
living,18
phil,24
stone,36
compliment,2
allan,24
sidestep,2
point,218
sheesh,26
bed,12
risky,2
sprain,4
ankle,16
climbing,6
bother,30
remind,24
fold,18
underneath,8
crunch,2
metatarsal,2
brake,184
funny,20
thru,16
london,18
aloft,2
be,4
not,42
splint,2
protective,34
gear,150
important,56
shoei,52
gold,16
pair,32
glove,66
pant,42
remember,98
tuck,10
properly,24
punishment,18
hip,8
trouser,2
arm,62
wreck,26
steady,8
heal,4
easier,4
fully,24
contradictory,6
laszlo,28
nemeth,14
listing,10
motohead,4
correct,32
vacation,8
mine,94
publicly,2
bounce,22
waste,24
contact,108
stop,252
inane,4
yeah,76
elef,6
flashback,2
free,92
drug,24
uid,2
bill,134
william,12
johns,6
sam,2
brick,8
deliver,6
postage,2
door,18
expense,6
policy,14
mailing,76
facility,12
lord,6
almighty,4
appearance,6
equal,18
curious,18
situatiion,2
satisfaction,10
shall,48
extremely,20
howland,100
curt,50
synthetic,6
engi,4
fist,58
richard,74
pierson,40
conrail,2
mechanic,22
emd,12
ge,2
unit,8
train,60
filter,16
artical,4
prolong,2
heated,26
chamber,22
volitile,2
boil,4
usage,4
practical,6
discovery,2
channel,2
ace,20
eff,22
sabre,34
meddle,20
afair,20
wizard,20
soggy,22
nichola,10
begin,34
definately,4
tach,10
gauge,6
certainly,36
overall,6
swingarm,12
straight,70
boulder,12
doder,4
park,74
stripes,2
nick,160
concour,54
mmmmmmmmmm,24
rz,26
ring,56
ding,36
woops,24
universally,4
cog,24
warcry,4
downey,16
allen,26
speeding,16
chp,18
paraphrase,2
fight,50
court,68
edition,22
brown,20
berkeley,8
nolo,8
press,24
ucb,12
library,12
abd,4
davec,2
cooper,6
paul,82
seller,2
ryang,2
robert,80
yang,2
sorry,66
silly,20
rob,24
appologise,2
matter,68
fact,122
bring,60
consistant,2
chase,50
bite,30
instructor,20
painfull,2
ear,14
seam,4
option,8
arrizen,2
auction,2
diana,2
quiche,4
fern,4
assume,64
correctly,22
sniff,4
tough,20
mommy,2
vote,34
latter,12
involvement,2
fault,44
reviewer,4
radio,10
agree,106
physical,12
imparement,2
emotional,2
ecology,2
delete,102
common,20
astound,2
left,46
truely,8
memorable,2
refuse,4
evo,6
passanger,2
andle,4
intermittentnet,4
arrange,8
bowdoin,4
expire,4
dinky,2
alot,18
drool,4
topsham,2
looker,2
yes,160
mercury,8
axe,2
republicans,2
confuse,38
kawasaki,60
anyways,4
shake,18
libertarian,4
gas,132
profile,8
smooth,46
saddle,24
transition,8
zr,2
modernized,2
kz,6
seventie,2
gharriso,22
graeme,26
harrison,26
pm,10
wibbling,2
propose,10
squash,4
bugs,4
thread,124
dean,106
dcookson,22
mitre,22
burlington,22
bedford,22
kotnml,22
saw,4
nekkid,2
bianchi,26
intact,8
ignore,24
basenote,2
response,36
zero,38
interest,20
stature,2
discriminating,8
taste,20
yesterday,26
lonoak,4
rd,34
wasp,2
faceshield,4
force,68
glue,4
eye,74
frantically,2
wiggle,20
distract,6
flick,4
wipe,6
residue,2
greenfield,6
btw,58
king,20
metz,2
kc,2
component,8
division,28
trimble,6
san,84
behanna,282
chris,192
jfriedl,6
else,184
notice,124
craftsman,8
sae,8
bolt,30
nut,16
socket,16
exchange,18
exact,8
imply,12
measure,18
size,126
test,86
calliper,2
three,90
cross,46
slightly,36
toward,18
basa,2
trapizodial,2
section,58
however,76
sample,8
wrench,16
box,26
writing,6
lifetime,2
necessiarly,2
yup,14
fxwg,52
wide,76
glide,58
jubilee,52
baby,68
nec,50
pende,4
delivery,18
pack,66
wild,58
corn,50
property,8
jerk,78
cynic,2
reconsider,2
type,154
wait,84
till,24
pastic,2
horndom,2
laugh,28
relay,12
different,94
horn,62
volt,12
calculation,6
puppy,2
suck,42
amp,10
efficiency,10
cager,74
shovel,8
assumption,2
meter,44
neglect,6
solid,12
angle,34
consideration,6
effect,130
acoustic,2
nicety,2
shape,28
watt,8
approx,10
zx,2
summary,20
tip,52
monkey,6
bond,6
insure,40
flank,4
hat,10
expensive,38
setup,10
fee,14
concern,42
invention,2
company,108
artwork,2
lube,24
rm,2
cleaning,2
charlie,52
smith,30
spray,20
wax,88
moto,34
rag,16
shaft,126
housing,4
quieter,6
instruction,12
distracted,2
nostalgia,4
neophyte,2
vech,20
craig,60
vechorik,30
step,46
roland,2
slabon,2
pre,48
owners,2
ltd,16
exeter,2
hampshire,6
bimonthly,2
join,42
price,100
vary,18
unrestored,2
restore,12
listen,62
bull,8
single,50
mississippi,2
moa,98
oshkosh,4
wisconsin,4
ambassador,8
tail,34
roller,12
crank,12
infante,230
andrew,104
ummm,8
methink,12
handlebar,64
wonder,106
slack,26
emphasis,4
upon,16
observance,2
enforcement,8
coolidge,2
dammit,42
michael,208
market,38
irish,10
ucbvax,12
cogsci,12
cooley,4
castrol,2
syntec,2
teflon,14
lubrication,4
bonding,6
surface,30
polymer,2
acid,6
becase,6
resin,2
ptfe,8
tradename,2
dupont,4
import,4
capitalize,2
disclaim,4
benefit,24
internal,2
combustion,22
mcguire,100
tommy,42
marcus,30
obcountersteer,6
discover,32
meaning,12
lonny,4
secure,28
psychological,12
ironic,2
msf,56
append,12
outgo,12
independent,12
ibm,14
karish,36
amc,2
mcnaughton,2
alan,36
object,14
describing,2
envelope,4
insane,18
moreover,2
beyond,22
margin,2
plenty,20
skill,20
wacke,2
throw,36
hope,76
circumstance,14
error,14
damp,4
react,16
badly,12
oncoming,14
factor,24
deny,4
combination,14
involve,20
blame,22
warrant,4
tall,12
beginner,28
jtozer,2
tozer,2
advice,222
uncomfortably,2
bent,20
admittedly,8
legroom,2
dirt,42
mohrman,4
memorys,2
plea,2
cage,186
opportunity,10
offer,40
judge,46
slow,102
book,64
impressed,24
young,34
docket,2
drill,16
sargent,2
highyway,2
patrol,12
trooper,6
zone,18
defendant,2
alcohol,34
breath,16
offence,2
glass,16
purche,2
nose,12
son,4
sir,18
meekly,2
defenant,2
buddys,2
simplicity,2
plus,60
attend,14
remedial,2
driver,128
school,32
america,18
motorola,6
sps,2
leavitt,48
rough,22
definite,12
drift,10
mrb,8
beneficial,6
ms,18
racerboy,2
anybody,64
minibike,2
spectacular,4
overly,4
concerned,12
tire,200
yore,2
tires,2
criterion,6
horsepower,18
trouble,56
straighten,10
trajectory,8
circular,2
cbx,12
suzibago,8
star,12
icoa,8
nia,8
impala,8
convertible,8
incredible,8
hulk,10
others,8
stroke,50
technique,92
bain,14
condom,6
wone,2
times,16
protection,36
responce,6
essbaum,40
alexander,20
axel,20
wo,6
prahren,8
peter,28
ahrens,10
hd,14
male,8
offspring,2
er,38
monday,12
planning,10
lag,2
human,64
gestation,2
hiya,2
pete,18
happens,2
ensure,4
storkish,2
repetition,2
drag,14
rad,6
rearsets,4
fj,24
ergonomic,10
constraint,4
contraceptive,4
consequence,20
ouch,8
recommendation,46
hurt,80
study,34
proximity,6
prize,14
anatomy,6
et,20
al,28
manufacturer,40
function,10
onto,76
unfortunate,8
heart,24
dmatejka,6
daniel,24
matejka,12
nesbitt,10
hwy,18
suisun,6
jameson,6
canyon,24
officer,84
duty,14
citizen,26
someday,18
soon,60
within,72
author,14
oakland,6
convict,6
speeder,8
testimony,4
excessive,4
insurance,200
win,16
listens,2
politely,2
accustomed,2
convincing,2
theoretically,24
mistaken,6
poor,38
acceleration,26
distance,26
pacing,4
demonstrating,4
diagrams,4
calculator,4
lose,82
besides,40
english,18
absolutely,32
confound,4
recently,50
criminalize,4
twit,6
quota,6
ahem,10
presentation,4
applause,4
carter,12
edward,8
oficial,2
choice,46
daker,34
rocket,12
practice,34
novice,10
safely,16
accelerate,38
harm,10
situation,34
avoidance,8
manouver,6
easy,144
ted,14
toronto,40
powerusersgroupchairman,6
understanding,12
confusion,8
trash,38
understandable,2
substantial,10
overlap,6
clarify,8
primarily,6
education,16
basic,18
eventual,6
vocation,2
percentage,6
person,64
father,16
genuinely,2
lazy,6
qualify,4
dishonest,2
snake,2
squeal,4
pig,28
assuredly,2
tony,120
kidson,52
ruin,14
sex,14
pgp,26
key,40
tower,28
bicyclist,4
joy,6
yo,14
asshole,70
kid,58
exactly,48
attidue,2
clothe,4
swirve,2
swear,18
pretend,2
exist,22
lane,102
necesary,2
enjoyment,8
boost,12
ego,6
aaron,2
disgruntle,2
volvo,20
rebel,4
steatopygia,4
r,32
us,42
doh,40
hottentot,6
sesquipedalian,6
arai,4
amir,4
sadr,2
chin,16
bottom,48
particular,46
outer,10
shell,28
inner,20
namely,2
snug,8
dealer,86
willing,18
linere,4
jay,6
leno,2
burbank,4
steatopygias,2
speedy,150
mercer,74
surgery,4
navy,20
doctor,8
method,46
transportaion,2
dohc,2
operate,10
shift,52
lever,12
entire,12
forget,34
nutral,2
finesse,2
cord,14
peg,32
turnsignal,4
hole,92
therapy,2
tourture,2
session,4
tho,2
floor,8
barrack,2
stair,2
suzuki,52
cough,10
choke,22
lawyer,46
ridiculous,4
vascar,2
plane,4
radar,10
lidar,2
device,8
pace,12
excessively,2
doubt,38
grant,14
bgardner,102
dunno,14
junction,2
travel,32
forward,28
sensitive,2
max,66
rochlin,4
interesting,62
secondly,10
purgere,2
beleive,18
severe,10
p,26
ossibly,2
sgi,2
unpc,2
pnakada,8
nakada,8
feeling,26
weekend,50
pecan,4
pie,4
sluggish,4
alert,16
strange,18
turnaround,4
snack,4
oracle,8
corporation,10
nelson,90
lautrec,2
family,6
grin,8
goldwing,10
performance,54
cdodson,2
dodson,2
interestingly,8
winnebago,2
depreciate,8
trap,2
accord,28
magazine,28
odometer,10
onnit,6
mere,12
hairy,6
monie,4
depreciation,2
wash,4
knock,32
egan,4
release,18
pillion,100
wife,44
money,114
defecate,4
marty,10
capadona,4
datum,12
log,40
greeting,10
steer,92
input,24
sensor,6
pressure,56
lvdt,2
rpm,72
digitize,2
record,20
analysis,4
compile,4
seattle,22
wa,16
wmrra,2
omrra,6
depends,2
faa,6
eight,6
bottle,20
throttle,76
legally,6
drunk,82
twice,20
strict,8
dwi,66
minimums,4
metabolize,2
blood,14
barely,12
hyperventilation,2
trick,30
ranger,16
todd,16
doolittle,8
fork,52
seal,32
undertake,2
clymer,4
manual,54
illustration,4
adapter,2
remover,4
necessary,20
consider,94
signal,52
assembly,6
appreciate,42
psgi,4
troy,4
mi,20
jae,12
chang,4
miles,12
courier,6
job,74
gaijin,20
nihon,10
depot,10
ryan,68
cousineau,46
ultimate,6
dangerous,52
require,82
atoz,2
streetmap,2
liner,32
fire,54
buddy,20
firefighter,2
map,8
compact,6
match,56
detail,54
quickest,2
laying,2
microsystem,20
atsugi,12
japan,12
sanjay,34
sinha,16
backpack,20
approach,30
usual,26
overnite,4
camping,32
forest,10
backrest,26
hoping,6
bungee,12
experimentation,6
distribution,20
severly,4
affect,20
cling,4
shifting,4
surf,4
wisdom,6
afford,54
jean,24
rollerblader,2
equivalent,4
ambidextrous,6
gdoherty,2
greg,10
doherty,2
dschick,2
fare,2
touring,24
commute,14
care,70
steal,102
harro,2
ungo,2
alarm,18
das,2
booze,6
pound,34
cuervo,2
weighing,2
theoretical,2
imagine,30
rum,2
coke,2
bacardi,2
rigid,8
exclusive,8
fertilizer,2
bliss,12
virago,46
food,26
stomach,8
milk,6
temporarily,4
retard,2
absorption,6
digest,20
proceed,6
drunker,2
instantaneous,2
bac,2
empty,20
cause,102
early,56
absolute,2
eating,2
slam,6
don,2
tom,102
kelly,4
mgnoc,4
guzzi,26
owner,174
advance,38
ramage,6
dan,66
regularly,16
shoulder,78
strap,20
vulcan,2
lottery,2
bat,4
letterman,4
hudson,2
davide,26
edmondson,30
tharp,52
cds,28
davet,52
main,30
designer,4
bert,4
le,12
vack,4
brookland,4
records,2
indians,2
november,2
powerplus,2
busy,26
lad,8
tuner,2
guru,6
jap,10
brough,2
illustrate,4
ecyclopedia,2
ought,26
encyclopedia,2
edit,2
erwin,2
tragatsch,2
publish,4
hamlyn,2
publishing,2
astronaut,2
hounslow,2
feltham,2
middlesex,2
england,28
uk,84
canadian,10
print,12
smit,4
ladysmith,4
bc,40
lucas,6
weapon,16
ivan,58
reid,30
jeq,62
writes,34
unauthorized,2
inspector,8
report,20
excellency,2
hail,4
brodney,2
behold,10
executioner,2
film,20
danny,2
kaye,2
maltin,2
russian,8
tv,18
gogol,2
scherrer,14
institute,30
ch,14
vaughan,8
michigan,10
garage,48
joyfully,2
marche,2
rank,2
contempt,4
brain,44
spinal,10
suffice,2
albert,24
einstein,24
tcora,58
coradeschi,58
unto,2
mxcrew,4
budweis,4
csfr,2
nowadays,2
tschechien,2
german,20
czechoslovakia,2
budweiser,10
budwar,2
jan,2
czech,4
republic,4
slovakia,2
slovak,2
cnn,4
herd,24
elephant,24
diarrhea,24
massive,36
difficult,62
redirect,24
entertain,30
boggling,24
excrement,24
expect,78
gene,24
spafford,24
bakalis,6
steven,10
fnq,2
crucej,4
jerry,56
cruce,4
retoracle,2
reponse,2
employ,10
establish,8
tissue,2
frahm,4
joel,4
stripe,6
numerous,14
sewall,2
cu,2
cbr,32
ec,12
parking,58
buzz,4
block,62
sided,2
neccisary,2
repaint,14
fender,22
sudden,24
cut,70
roadway,6
pg,6
operator,6
sixth,8
sprattli,8
sprattling,8
ford,14
anemic,2
decade,2
rent,12
roderick,4
corbin,8
tends,2
danger,12
cajone,2
thought,66
yamaha,182
seca,68
turbo,44
skyfox,20
howp,12
km,12
odo,6
nab,2
pounce,2
rare,14
adequate,4
wheelie,192
task,8
barnett,2
gee,6
induction,2
lusky,16
toolmaker,2
imitate,4
account,20
clearance,32
inside,62
hex,4
gm,12
gmc,4
pickup,10
annoying,14
metric,6
wrangler,2
camaro,4
rs,14
quietly,24
die,62
ussell,2
hughe,16
fantastic,6
battery,130
fxstc,16
plug,38
petcock,14
starter,22
bingo,4
charm,10
restless,4
anticipate,6
du,6
saison,4
inspection,14
pipe,114
therein,2
slash,8
baloney,2
muffler,22
loud,40
trace,12
bdi,44
sight,8
edge,22
trivial,2
slew,2
blaring,2
fiamms,6
aware,28
surrounding,2
survive,4
alongside,2
bastard,16
apologetic,4
offending,2
firebomb,2
cell,4
terry,46
cunningham,10
mc,52
wink,4
jlp,2
jon,22
peticolas,2
paragraph,16
virtually,6
ban,32
degree,48
absurd,8
seatbelt,2
airbag,2
automobile,2
lifeguard,2
swimming,6
agrgument,2
precaution,4
extrapolating,2
boat,6
sail,2
jetski,4
climb,8
parachute,4
skate,12
rollerblade,2
skateboard,2
rugby,2
mow,2
lawn,4
rewire,2
basement,2
machinery,2
valid,10
homily,2
buying,38
realize,28
unlikely,12
diviner,2
dream,46
homer,4
hifi,2
russell,10
fail,38
cuz,6
register,20
db,16
believable,2
flamebait,2
jumbo,2
jet,34
takeoff,4
revs,12
yard,12
threshold,4
permit,12
elaine,2
leffler,2
identical,6
suspension,40
modern,10
fancy,6
piggyback,2
adjustability,2
crappy,12
mad,10
progressive,10
improvement,12
motor,70
markk,2
mark,116
kromer,4
piston,34
visualize,4
few,6
canting,2
cylinder,54
suspend,10
insert,14
clip,4
indian,62
flange,2
stud,30
separate,32
dontchaknow,2
foresight,2
duct,6
tape,38
clothespin,2
hoseclamp,2
inserting,2
gudgeon,4
mra,24
scout,20
chief,28
ahrma,20
rocks,20
nsu,20
compulsive,20
joiner,20
grief,20
klinger,72
jorg,44
mod,14
lmcstst,4
stamos,4
hmmmmmm,4
dyno,10
jetted,2
waiting,4
melt,6
factory,28
kit,32
handy,18
heard,10
perfection,2
apparently,40
track,22
arch,28
eng,16
horizon,22
umanitoba,16
embalmer,16
stamo,2
ellas,2
ericsson,2
cellular,6
montreal,2
joe,128
senner,48
johs,12
bozo,4
gifs,2
postmaster,4
chill,2
educate,6
pantie,4
ditto,8
bacground,2
austin,24
laser,8
radioactive,2
isotope,2
depend,56
dude,28
decibel,2
huh,18
sez,10
lotta,2
seriously,54
piss,34
menace,6
society,14
dismounted,2
slight,16
swagger,2
narrow,10
lidded,2
faculty,2
colleague,2
unease,2
intimidate,4
status,4
glance,8
linger,2
sigh,20
install,12
bub,10
ignition,42
russ,8
sonny,4
barger,4
campbell,16
parr,106
charles,92
labrg,2
montieth,2
gill,2
raptor,2
swoop,2
smallish,2
prey,2
falcon,6
moment,22
scare,16
outa,8
talon,2
nighthawk,22
hmmmm,10
mallard,2
duck,20
karate,2
tear,28
wheezing,2
loudly,2
remarkable,4
rubber,20
healthy,4
roadside,8
minutes,2
bruise,4
collar,2
bone,4
belly,4
button,20
charle,20
span,24
element,20
conjoin,18
chord,18
hollow,18
gourd,18
wbg,12
geake,12
bhp,4
veto,6
bbc,2
denmark,4
portugal,2
proposal,2
statistic,2
governmental,2
moratorium,2
specialist,2
suspicion,4
crafty,4
restrict,6
europe,4
cagiva,6
ducati,90
rubbish,2
stall,16
gatt,2
univ,12
edinburgh,8
replete,2
hp,22
exhaust,124
ewm,4
government,16
accountability,2
anecdote,4
ready,30
devise,4
strategy,22
doubtful,2
mcfarland,2
marshall,2
corner,108
marshal,2
roadracing,8
started,2
beware,8
drainage,2
ditch,8
firetrail,2
atmospheric,14
studies,2
saskatchewan,4
saskatoon,2
careful,42
you,2
re,2
charred,2
peel,2
kindsa,2
americanism,2
circulation,4
warm,40
shove,16
opposit,2
sleeve,8
me,2
emporer,2
season,12
humidity,2
retire,2
fleece,4
aerostich,16
temperature,8
aboce,2
dole,2
heating,6
october,4
luxury,2
comparison,6
cos,12
oyur,2
usuallu,2
relative,16
worthwhile,4
freezing,2
alertnes,2
squish,14
otherwise,42
unpleasant,2
fatigue,4
nap,2
hypothermia,2
detrimemtal,2
realise,10
patience,2
shiver,4
thoroughly,8
grow,20
psychology,4
essential,20
term,14
assess,2
purely,2
vital,2
interaction,2
dal,12
farra,12
sharp,6
meal,2
slim,6
lite,2
lap,8
parliament,2
building,10
secs,2
resultant,2
loss,20
sharpen,2
handling,40
winter,26
obligatory,6
faith,4
uneven,2
powerband,4
darkman,24
significant,28
solve,24
eternal,22
becuase,2
wheeler,2
ten,14
windshield,18
windscreenless,2
participate,2
topic,18
pick,86
insignificant,4
sunglasse,2
bicycle,44
lense,6
sunglass,14
whatever,30
attmept,2
mess,16
shorty,2
beard,4
merrily,2
cruise,20
specific,24
anbody,2
splatter,4
image,6
laziness,2
splattering,2
kv,34
ontario,52
eww,2
gross,4
fifth,4
needless,16
anymore,12
undergrad,2
complicated,4
explanation,10
tuchus,4
andersen,10
dust,26
suitable,4
suit,38
advantage,50
nearly,28
eliminate,8
portion,8
rainsuit,4
firstgear,2
pricey,8
potentially,10
enhance,2
layer,14
mainly,18
lining,2
armor,4
elbow,2
forearm,4
ventilation,2
wearable,2
weather,40
freeze,18
electric,10
complexity,6
carbon,6
chemistry,8
kurt,6
henriksen,2
rotor,2
drilling,2
sruhl,6
stefan,16
ruhl,8
experienced,8
daytona,22
trail,20
smoke,14
tow,4
apart,20
measurable,2
gap,2
syggestion,2
hone,4
rougher,2
stef,2
privacy,2
vike,44
sorenson,34
annoyed,8
hence,16
mandate,6
game,42
everybody,64
financially,2
nys,2
dmv,12
plevine,4
flhtc,4
liberty,2
locate,10
rhode,2
island,2
mystique,2
hesh,26
steinbroner,10
casually,2
attempe,2
vehicular,2
manslaughter,2
definitely,16
denis,14
concordel,4
husqvarna,4
te,2
enduro,2
cc,8
extras,2
aftershock,4
custom,44
skid,6
geometry,8
epa,4
bark,2
buster,2
guard,34
motion,18
pro,2
cable,84
mabell,2
trusty,2
husky,8
hopefully,16
husaberg,4
perfectly,30
liquid,10
cool,46
ohlin,2
xr,4
casual,6
non,6
competitive,2
lug,2
hill,46
blast,10
minimum,14
carefully,30
carburation,6
wrap,8
pump,28
quickness,2
douglas,8
isde,2
plush,2
responsive,2
tad,10
respond,36
successfully,6
outright,10
surround,6
foolishness,4
transcribe,2
paper,20
positive,18
assertive,2
gulp,2
arrest,24
expert,6
clocked,2
controller,2
pnesbitt,2
tracon,2
remmon,4
emmons,2
knowledgable,2
staff,4
business,22
aggrigate,2
future,26
item,28
legitimate,6
elsewhere,6
lame,2
friendliness,4
emmon,2
hesitate,6
sacrifice,2
clarity,2
calcshop,2
maintainability,2
save,40
precious,8
picosecond,2
program,18
execution,4
bbbbbbbb,6
mm,30
ww,28
bb,12
b,36
memorial,6
francisco,20
sponsor,6
califronia,2
quincy,16
fairground,2
gate,8
field,30
trophie,2
display,18
trial,12
throughout,2
concourse,2
pat,16
chairman,2
continue,20
growth,2
favrite,2
feather,4
river,14
northernmost,2
guest,6
fairgrounds,10
downtown,4
doug,22
hubbard,2
fremont,2
choose,18
beautiful,22
campground,12
grass,10
mariposa,4
lots,2
flat,40
registration,14
thursday,12
arrival,2
tuesday,4
days,2
saturday,20
sunday,14
award,10
ceremony,2
declaration,2
affilitation,2
female,16
cheater,2
rbemben,18
rich,44
bemben,18
bedroom,2
window,66
woken,2
frost,2
bedspread,2
noj,2
conjure,2
bd,8
doonesbury,2
sleep,18
bonneville,8
evil,40
heaven,14
duc,24
paint,114
fade,12
pop,22
accel,2
trans,6
stable,28
mate,2
axis,4
driving,56
prcatice,4
castro,40
rbp,22
pasker,22
merge,4
positively,4
view,42
cushion,4
miss,52
suite,2
april,30
jld,14
deeney,10
worried,8
effectiveness,14
unprintable,2
deem,2
gentler,18
twisted,6
burn,34
pissed,2
known,4
orchestrate,2
accuse,6
twist,26
lid,6
thee,2
jeffy,2
observation,24
grf,12
rock,32
centerstand,22
chip,32
cheerfully,8
testor,8
dry,38
el,2
cheapie,8
openface,2
faceplate,4
bloody,24
windy,28
normally,18
taxiing,2
smegge,2
church,24
backup,12
xl,22
inexpensive,12
accomodate,14
ggrrrrrr,20
motorcycles,12
banana,4
imho,36
ultra,8
label,8
favourite,8
curse,14
hospital,16
clamp,16
flash,28
hello,44
hazard,14
nj,12
nyc,28
toll,28
booth,16
hazards,8
thisto,8
warn,18
motorist,16
transaction,30
coin,14
making,10
rc,10
jpolito,10
polito,10
aarghhhh,6
ericm,4
murray,4
scumbag,12
stash,4
apartment,22
carport,4
visible,20
evidently,4
hurricane,14
neighbor,22
practically,6
exotic,14
bikes,2
encore,4
corp,4
kildaire,4
farm,10
cary,4
nc,24
dane,8
cart,8
pet,4
sidecar,12
lbs,20
squirm,2
beast,20
ican,14
handson,22
pls,22
kindly,26
mbeaving,20
speedo,6
nasty,24
sunshine,4
compound,26
moisten,4
translucent,4
previously,10
transparent,4
dial,6
habit,34
instrument,20
meguiar,4
glaze,4
cue,2
roise,4
linda,4
abrasion,2
cleaner,2
mild,6
abrasive,2
finish,38
auto,2
crystal,2
disc,8
warren,12
pursuit,8
katana,8
punch,6
interstate,14
georgia,12
ang,2
videotape,2
dramatic,2
sidestreet,2
battle,6
relentless,4
disco,6
taunt,2
blow,60
kat,8
couse,4
plow,6
luckily,14
crazy,12
went,4
mouse,2
convince,12
collide,6
team,22
minor,36
advocate,6
mighty,2
ninja,60
peace,10
annie,2
robotech,2
transmission,14
pure,4
junk,2
pittsburgh,10
tranny,2
economy,4
overdrive,2
recover,12
overbore,2
yep,24
helluva,2
prange,28
henry,20
tangentially,2
impertinent,2
poser,14
sch,8
bmwmoa,36
gsi,8
conv,8
explorer,8
unify,2
trait,2
specie,2
folly,2
hypocrisy,2
religion,6
hubcap,24
attack,122
rabid,12
twin,54
vibrate,8
wierd,12
glimpse,6
silver,14
nanosecond,6
weigh,34
tweeke,4
shifter,4
process,20
certian,4
sans,6
lumber,6
sheet,6
sheetrock,2
dozen,6
gallon,10
spackle,6
wood,10
mallet,2
kenworth,2
correspond,4
monsoon,2
bridge,8
abutment,2
messy,2
diego,6
ocean,2
beach,22
sportster,26
burger,2
fry,4
em,4
foul,2
nimitz,2
blvd,6
smell,18
vanilla,2
cooking,2
groin,2
ship,48
submarine,16
vnet,18
bcr,16
mall,16
ammo,16
bait,10
har,16
dodland,4
military,14
combat,6
calf,6
height,8
velcro,8
enclosure,4
nobody,16
bowel,4
appreciated,8
bu,2
closely,10
reckless,4
asper,16
curve,18
cent,2
npet,106
pettefar,110
rejette,10
carb,100
thu,10
wibbled,36
rtaraz,10
bigwpi,2
ramin,8
taraz,8
mixture,4
cylender,2
scavenge,2
substantially,6
combine,14
reverse,14
intake,40
flow,30
effective,38
resistence,2
conserne,2
resistance,4
result,52
completely,38
determine,18
ark,2
payload,2
glad,22
fuel,52
injection,12
needle,8
orifice,2
venturi,2
biology,4
reproduction,2
lesson,12
queasy,2
concise,38
oxford,40
tube,32
contractor,42
incarcerate,38
bnr,44
maidenhead,38
kay,40
pbwasoh,38
bs,44
nf,8
pa,16
wack,4
bzzzt,8
co,12
deductible,16
recoup,4
escape,24
takes,6
cash,14
oppose,18
spot,38
subrogation,4
scum,8
fanged,4
sad,6
tricky,4
golden,4
retriever,2
wwii,2
txd,30
dietrich,30
frankb,28
frank,64
ball,48
godfrey,14
digiorgi,14
ramarren,14
displacement,12
specifically,18
tax,10
commercially,2
viable,4
unneeded,2
unwanted,2
overweight,6
magnificently,8
flaw,8
lock,258
annoyance,6
tester,8
nope,10
lightrer,2
impressive,8
beth,110
mamola,2
impression,2
liter,4
adjustable,14
spike,36
rat,44
fssnoc,24
bell,24
lewis,14
responsibility,20
precede,8
dot,12
code,36
noticed,12
vfr,56
weird,8
scuffed,6
unscuffed,2
warranty,10
nedod,12
tavare,4
tactic,20
shepherd,22
eliott,20
hog,38
mtv,20
math,4
cre,2
mar,8
wibble,10
greater,2
dad,8
sweat,6
twistie,8
cumbersome,2
repeat,10
decimal,4
binary,4
slaughter,2
serve,10
ale,2
vsop,2
financial,4
aviation,4
whatsoever,4
mag,18
hicc,2
quuncd,2
ver,2
theodore,2
kaldi,2
mg,2
apyt,2
gif,12
backdrop,4
apollo,2
thingy,4
idiot,54
bras,2
unbreakable,2
youth,4
wiffy,4
moi,4
gadget,4
electron,4
movement,14
cup,6
anyhow,6
plot,10
sufficient,12
boiling,4
turbocharge,4
motorbike,4
reliable,10
controllable,4
hailwood,4
replica,6
queen,12
mary,8
westfield,8
mans,8
zeppelin,8
gnome,14
mitten,8
jimbes,2
ken,82
snyder,24
breeder,10
frequency,6
squeak,8
cam,28
emory,4
irony,4
spice,4
backstreet,4
revolution,8
televise,2
technician,42
tagline,36
declare,24
integer,24
divide,28
incompetant,2
reinstall,2
collision,8
moore,2
immortal,6
swap,16
bitch,18
seems,12
geco,2
cure,6
sub,2
prob,4
wants,4
thaw,2
ice,20
mutch,2
heat,22
persist,6
temp,4
scale,10
dynojet,4
desperate,2
upgrade,10
secondhand,6
orpington,2
kent,6
ogri,6
party,36
daily,14
subscribe,24
means,4
keith,44
aspencade,4
wing,20
liberally,2
equipment,6
clearly,16
ahead,44
anyboby,2
paulb,30
blumstein,30
socal,8
ridelist,2
strive,2
accuracy,4
responsible,18
mx,16
laughlin,2
nv,2
concert,4
reservation,4
hr,2
hotline,4
discount,22
tix,4
memorabilia,2
art,28
photos,2
lithos,2
books,2
scma,12
gypsy,2
santa,18
monica,12
abate,30
games,8
raffles,4
brea,4
walnut,2
manny,2
gwta,2
loma,2
children,4
skip,6
fordyce,2
motors,2
indiana,2
riverside,2
mma,8
overnighter,4
frazi,2
yuma,2
prison,8
paso,8
robles,6
shamrock,4
scenic,4
byway,6
simi,2
cycles,2
parts,2
baseline,2
bernadino,2
picnic,2
bbq,8
legion,4
peris,2
grand,26
nat,2
pomona,2
fairplex,2
kpfk,4
fm,4
broadcast,2
autobook,2
magnolia,2
carshow,2
noonb,2
bucklin,2
imperial,2
entertainment,8
barbara,14
pmc,2
greenhorn,2
ranch,14
overnight,8
famousmotorcycle,2
bkfst,6
reserve,8
rt,14
cuyama,6
ojai,6
bsa,2
castaic,2
landing,2
celebration,2
billy,6
gordon,4
rocker,4
la,26
vida,2
lambert,2
raffle,8
rodeo,4
noon,6
robbie,2
btwn,2
perris,2
elsinore,2
susan,2
melanie,2
county,10
fairgnd,10
costa,12
mesa,8
cnty,4
christian,2
assn,2
nisqually,2
victorville,2
quintard,2
awareness,8
gardena,4
bl,2
crnr,2
normandie,2
carol,2
dieter,2
knight,4
harold,2
crosby,2
dc,20
lv,2
ta,2
motel,6
vietnam,2
veterans,4
washington,20
coffey,2
alt,2
anderson,2
creek,4
roble,2
lb,14
stadium,2
jamboree,2
tulare,4
blaze,2
ariel,4
walton,2
jun,14
bakersfield,6
eagle,12
palomar,4
ventura,4
fairgnds,2
solstice,2
roast,4
swallow,4
inn,2
ortega,2
juan,2
capistrano,2
earl,4
rick,8
camp,10
trade,20
jul,22
accessories,4
unltd,4
christmas,2
exceptional,6
timer,2
unicoastal,2
pine,2
glen,6
mammoth,2
fond,2
iron,4
horse,74
quaff,2
mt,6
jolla,2
aug,14
classical,2
vet,6
trac,2
chicken,2
camarillo,2
sep,12
flag,4
classic,8
juarez,2
mexico,2
alberta,4
weed,2
rendezvous,2
mid,28
taft,2
redwood,2
bonanza,2
oct,14
easyrider,2
antelope,2
ave,10
exit,18
lancaster,2
griffith,2
mineral,2
bingham,2
nov,8
muscular,4
dystrophy,2
assoc,2
glendale,4
fernando,2
unlimited,8
posse,2
dec,8
hathaway,2
toy,2
ongoing,4
fe,2
springs,2
alondra,2
thur,2
ea,2
mo,8
seminar,2
luftmeister,2
parent,12
partner,12
cocos,2
colina,2
diamondbar,2
diamond,4
pearl,2
marc,18
amateur,2
denny,2
st,30
ana,2
wed,2
ray,66
bonnie,4
fwy,2
azusa,2
lyon,2
newhall,2
westminister,2
controversy,6
ol,20
garbage,6
voting,4
opponent,4
selection,4
rational,12
brief,4
affair,4
esteem,4
historical,4
outline,4
contretemp,4
deduct,2
shouting,2
bulge,2
vein,2
temple,14
keithh,10
hanlan,12
vw,4
amazona,2
ottawa,20
relatively,16
worthless,8
varda,4
batteries,4
own,74
sufficiently,2
jearls,14
jeffrey,16
earls,12
scrounge,2
mhr,2
kottg,4
kotspt,4
wmtc,6
millennium,4
squid,108
thumpy,4
chewie,4
han,8
solo,6
sweeper,8
idaho,8
rockie,4
uh,32
der,10
whassa,10
deltabox,28
shea,30
relation,28
duh,6
trademark,2
aluminum,14
perimeter,2
pentabox,2
cd,12
wander,4
thompson,36
generate,10
acurate,2
interpret,6
seldom,8
lousy,2
basically,22
screw,78
serious,66
slap,8
allowable,4
assessment,4
q,20
sentence,14
apple,18
massachusetts,4
connecticut,4
comply,12
sturge,40
manufacture,4
h,34
nswc,12
carderock,10
cervi,12
va,6
grad,6
charlottesville,2
italian,6
carderockdiv,2
annapolis,2
md,4
mmanne,20
mpmena,6
manning,14
blockhead,2
gargoyle,6
menard,8
showin,2
highland,2
compare,30
complaint,22
oakley,4
desirable,2
attire,10
ugly,4
mmanning,4
nextmail,6
flstf,6
fatboy,6
radial,8
keratotomy,4
jcn,10
nichols,8
conical,2
cornea,2
markb,14
burnham,14
mbs,6
albion,10
bower,10
quarter,16
slug,6
peak,6
overwhelming,2
cube,2
exclusion,2
ruffle,4
alfa,10
romeo,8
carbs,12
jburney,2
burney,2
pulse,6
cyclinder,2
compression,22
limiting,2
canister,10
compress,16
purpose,22
dynamic,22
mental,6
supercharge,4
tract,8
differential,4
decends,4
decrease,16
negative,10
vacuum,18
closing,4
volume,6
japanese,12
attention,28
tuning,2
substitution,4
louder,4
stocker,2
dominating,2
substitute,8
pumping,8
recalibration,2
carburetor,4
erick,2
kilpatrick,2
hazardous,2
develop,22
experiment,12
volleyball,2
leagle,2
intoxication,4
unable,10
gust,6
greatly,12
jburnside,24
jamie,18
burnside,16
psi,4
rash,6
rust,24
opt,4
metzler,14
trailer,12
afforementione,6
reletively,12
usefull,12
coverage,16
velocity,10
momentum,10
airboxe,2
rush,10
critical,4
compressive,2
induce,2
fresh,4
exzhaust,2
port,14
expansion,2
mystery,12
hull,2
ottowa,2
bought,2
pan,4
juice,4
mistakenly,2
draw,24
urinalisys,2
cochran,2
clothing,20
cavalry,2
cav,2
eyelet,4
tanker,4
construction,4
wellington,4
tightness,2
animal,14
racoon,2
vrf,8
bricker,4
employee,6
unfamiliar,4
unfamilar,4
mint,10
bearing,8
bushing,14
confirm,2
cherry,4
bluebook,2
bank,8
union,2
sweet,12
soft,16
totally,16
k,46
lsid,6
div,6
soper,6
everett,6
kens,4
illegally,8
cinder,2
carving,2
permanent,6
keyhole,2
nowhere,6
tasty,8
bushel,2
unfortunately,38
amy,2
umm,2
lesseee,2
constantly,10
count,22
paraphernali,2
js,20
promise,10
wannabe,4
badtothebone,2
cheesy,8
shelf,6
geekys,2
geekie,2
geekae,2
geekii,2
kotrb,16
ajs,16
vancouver,18
slmr,16
bbs,16
hst,16
earnest,2
geographical,2
feature,22
shz,26
ludicrous,6
forum,14
roid,14
riceburner,40
respect,56
seth,2
respectable,2
dearth,2
saint,14
inless,6
acknowlege,6
knowlege,4
persob,6
fusi,6
nrmendel,12
nathaniel,22
endell,2
orr,6
mendell,10
mansfield,10
smm,10
minimal,14
learn,138
reality,6
weak,12
balance,36
crown,2
masse,2
queensryche,2
galway,6
mckeon,6
buffer,14
damned,6
braindead,2
psychotic,2
bleve,4
bennett,2
lee,4
leve,4
starr,6
supertrapp,6
airbox,8
thousand,18
frustrating,10
nugent,2
drowning,2
bagel,2
keller,4
tim,16
airhorn,4
bosch,2
dennis,2
kirk,2
catalog,6
gage,2
wire,14
compressor,8
ground,134
connector,6
solder,2
connection,6
crimp,4
inline,8
napa,2
fuse,8
wrapping,2
steel,52
vertical,4
diameter,6
scoop,2
connect,14
out,2
noticable,4
vast,6
duration,4
repeatedly,6
pedestrian,2
sidewalk,2
ymmv,16
susuki,2
inherent,2
blacklist,2
lage,2
aquante,2
direcly,2
malcolm,8
agreement,8
dominant,10
seaprate,4
characteristic,12
familiar,12
physics,28
gyro,2
torque,42
calculate,8
bugger,6
runner,4
running,6
artificial,2
intelligence,4
forrest,2
prb,2
ae,2
tha,2
separately,2
sporty,8
comparable,8
daved,4
dorfman,16
sequence,2
accelleration,2
stabilise,2
dominance,6
noisy,2
sheep,2
peck,2
evasive,4
avoid,56
sake,14
logic,8
adversary,2
sink,2
tooth,24
gusto,2
retreat,6
armored,2
compunction,2
destruction,2
artc,8
ra,18
hotly,4
contest,6
bmwoa,4
election,22
inept,4
leadership,4
formation,8
bmwra,6
oa,4
precipitate,4
compete,6
stave,2
slickness,2
vincent,10
redheade,2
girl,42
karen,16
easter,20
rover,12
reliant,4
morgan,20
bristol,6
roll,52
royce,10
technology,66
reach,28
ash,4
kingpost,4
mog,4
mrc,10
crispin,10
foremost,2
decision,4
kook,2
language,10
chasing,6
hostile,6
intent,8
hierarchy,2
dominate,4
unambiguously,2
represent,6
anger,20
dispense,14
rapture,2
unforeseen,2
bisquit,2
overt,2
hostility,4
interception,2
comprehend,2
capable,8
encounter,28
territory,20
newspaper,14
angry,14
dawn,2
observe,4
satisfied,4
jyaruss,4
guide,32
reliability,6
pricing,6
directly,34
ljubomir,4
perkovic,2
drain,34
recharge,2
charging,2
chrispi,8
pirih,8
badassbiker,2
crotch,2
palm,6
generic,8
revco,4
boockholdt,2
sharing,2
clara,2
sunnyvale,2
conflict,4
splitting,2
kindness,2
ordinance,2
karma,8
approve,8
triangulation,6
leading,8
springer,34
spaniel,10
softail,12
spagthorpe,34
unreasonable,8
residential,10
console,6
whip,8
blind,16
eagerly,8
await,10
click,4
impair,28
wanted,2
noone,2
chev,2
hood,2
obmoto,12
scary,14
relevant,8
twisty,18
daddy,26
cked,8
rec,8
bus,12
priority,4
sympathy,14
mute,4
restraint,2
touch,22
desmo,4
ss,6
quater,4
pantah,8
creditable,4
fzr,10
crop,4
clobber,4
handily,4
xs,6
eleven,22
gs,22
tack,6
outcome,6
dig,16
implement,4
computing,22
virginia,20
polytchnic,20
inst,20
blacksburg,20
karr,110
largely,4
president,10
politically,10
active,8
arenas,4
infighting,4
politic,18
manner,12
accomplished,2
neccessarily,2
coordinate,2
texas,36
splatterf,10
humor,14
boring,14
intended,4
political,4
arena,4
intentione,2
china,2
hearted,2
segment,2
population,10
limelight,2
federal,18
groucho,6
fest,2
dweeb,2
blighty,2
waaaay,2
underpowered,4
quality,44
rusty,6
penny,4
academic,4
dirty,2
stake,6
drab,2
trek,4
iowa,8
thrilled,2
stir,2
tenet,4
punish,6
extraordinary,10
footpeg,28
goddamn,24
puzzle,2
watson,2
afoot,2
tangible,6
sus,6
rip,24
tightly,12
fitting,10
alloy,6
thingo,4
unthread,4
tighten,20
mjs,64
sixsmith,78
mj,50
adhesion,6
tyre,20
dictate,6
swerve,48
obstacle,8
knowledge,36
enable,8
competently,6
eloquently,2
improve,24
methodology,4
endeavor,4
herein,2
physic,4
teach,56
fizziks,2
gyroscope,14
cream,2
cone,12
parallel,6
geek,2
learning,4
distinction,8
carve,4
circle,4
newton,2
squat,2
conformance,8
norm,10
success,16
manson,8
setter,10
playing,10
james,32
ramble,4
scooter,10
triple,10
prople,2
assholeism,2
endemic,8
motoring,2
community,6
jason,2
wise,8
respected,2
hahahha,10
stereotypical,2
remark,6
unsophisticate,2
ivory,2
stoop,2
geekism,2
volvos,4
jrobbin,2
formal,20
musashi,2
sword,6
decisive,2
awfull,2
corrupt,2
explosion,2
cryptography,2
whitehouse,2
fields,10
johnsw,4
pd,2
givi,2
brunnhilde,2
kotv,2
kotrr,2
spi,2
kotd,2
yamabeemer,2
inevitable,2
optional,6
di,2
fake,2
anouncer,2
smile,14
redundent,2
horrid,4
reputation,6
rationally,2
abhout,2
rgv,6
amydlak,4
adam,6
mydlak,4
helment,10
louisiana,26
personaly,4
tobias,18
cdn,6
mileage,10
trader,4
wary,2
prospect,4
gizmos,2
jd,8
derienzo,12
xlhd,6
secondary,2
laced,2
buckhorn,2
tachometer,10
saddlebag,10
sissy,8
se,12
candy,2
xlyx,38
whenever,10
automatic,8
payer,2
annette,6
thanks,6
persuasion,6
coolant,24
preferably,38
cheaper,6
kaw,10
quart,10
bless,8
holy,8
usury,6
suspiciously,20
advertise,6
loop,22
naive,4
illusion,4
toilet,8
owing,2
matthew,18
amazed,6
brock,2
yate,2
rode,2
wan,42
na,42
obsession,2
rearview,2
rhestless,2
motosport,4
girfriend,2
mcgiver,2
cheper,2
candle,4
stub,2
dribble,4
kindle,2
lint,2
eggshell,2
industrious,2
eventful,2
rotten,2
inferno,2
vonnegut,2
chapter,2
cradle,2
nielsmm,22
niel,16
mikkel,28
michelsen,22
therefor,16
calmly,18
proud,6
conroe,2
flip,2
senseless,2
dallas,6
houston,4
freeway,12
squeeze,26
throat,10
unblinke,2
hundred,12
honking,4
flipping,4
yell,12
waterski,14
theory,22
contradict,6
gyroscopic,8
precession,6
induced,4
sea,6
doo,4
lengthy,2
countersteer,34
marcl,6
italy,6
endorsement,4
olivetti,4
csk,4
kuczaj,4
mbeave,46
beavington,28
incur,2
treatment,2
beav,36
ont,8
polishing,4
manish,20
vij,8
prep,4
jonc,2
corcoran,4
recomendation,10
asalerno,4
jr,4
sp,8
beacuse,2
chaparral,18
polk,2
wrote,2
direction,52
grrr,2
signing,12
beginning,10
rathole,12
butt,18
prestone,2
shopko,2
grape,2
fatherland,2
yearly,4
rabbit,2
radiator,6
hoppy,2
lamented,2
rochester,6
mn,10
feynman,2
harvey,6
malmute,2
irresponsible,8
stunt,8
assistance,2
plant,8
actively,6
seek,4
yammie,6
conceptually,2
purer,2
spar,2
investment,4
casting,2
swing,10
extrude,2
beam,52
obey,4
cinelli,4
toyota,16
krups,4
nikon,4
sony,4
telebit,4
bowmanj,6
bowman,6
declerck,20
declrckd,20
sue,8
removal,6
clogs,2
burden,6
jersey,4
hoax,4
agent,10
medical,2
concur,2
lapse,10
renewal,8
superiour,2
publication,2
legislator,2
backfire,12
bradw,24
brad,30
warkentin,16
llb,2
rumor,4
upset,14
compareable,6
gleeme,2
lust,4
bj,12
rmugele,8
mugele,8
jungle,2
senior,4
computational,2
linguist,2
irving,2
vegetarians,2
vegetable,2
humanitarian,2
taking,4
mailx,8
crappi,2
bandit,20
spread,6
inherently,4
nhtsa,2
disprove,2
adequately,2
table,12
chair,8
jeezus,2
cripe,2
passed,2
wondering,2
overexuberant,2
removed,4
novelty,2
dissipate,4
gray,4
sprout,2
rice,6
fart,10
rid,24
yorn,2
ant,28
jones,22
panel,14
scuff,8
recall,16
shiny,6
cray,14
cmcs,6
codegeneration,6
inc,22
oak,6
eagan,6
edu,8
eddie,6
continuously,4
dislike,8
insipid,6
thereof,2
pal,6
pointless,4
trn,2
rn,2
apd,4
neon,6
nature,6
beauty,4
veiw,4
quantify,4
generalization,4
pigeonhole,4
tired,26
bruiser,20
dixon,66
pstone,10
philip,6
jetskis,4
yaw,2
relationship,4
handlbar,2
arbitrary,2
linkage,6
irrelevant,10
amusing,4
digression,2
rein,32
friedl,6
motorc,10
enormous,10
chooses,4
unsafe,8
liable,8
furthermore,2
attribute,6
blade,4
stubborn,2
omron,2
nagaokakyo,2
kyoto,2
researcher,2
mach,4
carnegie,4
mellon,20
splitfire,40
offical,2
whaz,2
insight,6
opposse,4
efficiently,4
focus,4
significantly,6
polen,2
thoughout,2
translate,2
ferraci,2
repairest,2
fixer,2
probability,2
luxosedan,2
bethd,46
bzzzzt,4
nifty,4
cache,4
lipstick,14
natural,16
kiss,10
waxy,10
smear,4
lip,14
category,8
kissing,4
parch,4
excitable,14
monza,14
restoration,14
derange,14
zz,18
kristyn,4
geenwood,2
reluctant,2
spca,2
swell,6
viscious,2
glenn,2
schmall,2
astroid,2
oncome,2
cafe,12
jhensley,6
hensley,6
storage,26
importantly,6
hg,20
women,6
everywhere,14
fashion,6
bate,8
iffy,4
lisa,44
sievert,4
moseley,28
niels,12
obscenity,2
apologize,8
benign,4
microbiology,6
fax,32
kreme,10
aerostitch,28
versatile,10
nadine,6
infer,8
context,2
nigel,20
tufnel,20
accomplish,6
petite,4
churchgoer,4
picky,4
eventuality,2
legality,2
handtowel,2
tankbag,32
acceptable,6
padding,6
viewport,4
pad,32
mismatch,2
lighter,2
stoppie,2
aboard,2
measely,2
whazza,2
matta,2
hewlett,8
packard,8
erika,8
astrup,16
rejete,2
fiddle,4
witha,2
afm,8
guitar,12
lasting,2
heyman,2
bodywork,4
useless,16
upright,12
position,74
radically,2
importance,2
motivate,2
solely,2
select,2
insensitive,2
fufill,4
fishing,2
analogous,2
moot,4
uncrate,2
fruit,2
continually,2
pleased,4
crate,2
jamesf,10
franklin,12
zen,14
refresher,2
lily,2
gently,14
float,2
darken,4
pool,4
bdc,8
careen,8
sons,4
alazzurra,4
remodle,4
slalom,4
champ,4
kotp,4
estimit,4
jbourgui,8
opso,4
lopso,4
csr,2
montasmm,6
medi,6
montaseri,4
installation,8
snap,16
krusure,2
oshi,2
comming,2
ntmtv,2
seales,8
congraulation,2
snell,2
inform,2
terrace,2
kevin,6
pasadena,2
kg,4
serial,2
willow,2
kjg,2
lemon,8
hop,16
lupine,4
league,6
programming,6
patent,4
lpf,4
cbrooks,22
clayton,16
brooks,16
cbrook,6
pot,16
u,20
lex,6
ky,6
rutger,6
ukma,6
bourbon,6
nma,6
maa,6
ams,6
acbl,6
resign,2
remainder,2
refund,2
operation,10
theer,2
teh,4
bumper,10
hair,10
howard,34
berkey,4
portland,10
drenching,2
oregon,4
townsend,8
drom,2
procede,2
stole,2
palo,2
alto,2
hafta,18
ducky,4
saxophone,4
boyo,4
sprocket,36
gurus,2
preferable,14
reducing,6
relax,6
static,10
ehrlich,2
scuffle,2
dempster,2
campaign,14
crook,2
suprise,6
wackos,2
politburo,2
panache,2
ah,6
propeller,2
chapstick,4
darling,2
barf,4
garym,2
gary,8
myron,2
ex,6
orlando,4
dock,2
siphon,2
adjust,42
impac,4
sda,4
sturde,2
gentlemen,2
gentleman,22
weir,2
fido,6
brunswick,2
fredericton,2
nb,4
jockeys,2
mtb,2
motorcycliing,2
edmonton,2
bare,2
emergency,16
oughta,4
joan,36
cleave,2
viking,16
isu,10
censor,10
exciting,10
unusual,10
illuminated,4
dragon,4
reasoning,2
genetic,8
gravel,6
concrete,8
swinge,4
beef,4
fence,14
rammed,4
forty,8
cow,14
literally,10
severely,12
casualty,4
shotgun,4
steak,4
manueverable,4
flasher,4
rural,6
tractor,2
deviate,2
adoption,2
thunderpickle,2
grab,26
strait,4
shrough,2
goose,2
rgu,4
ye,12
lachman,22
incorporate,22
kotpp,22
kotcf,22
gleep,22
naperville,22
il,28
yay,22
kennedy,12
contemplate,8
tender,4
electrolyte,8
container,10
edta,2
attribution,2
bellyache,2
aside,10
enforceable,2
manitoba,2
province,6
insurnace,2
renew,2
authorize,2
outstanding,4
quebec,2
unpaid,2
recourse,2
clerical,2
informal,2
barnstaple,8
payment,4
pub,12
roberts,12
compensation,4
cider,4
southwest,22
coterill,6
probation,4
brawl,10
solar,10
charger,20
science,12
stanford,2
tty,2
tjohnson,10
barkwell,2
cp,8
posesse,2
thankfully,2
sexual,6
fortune,4
hardly,16
misspoke,2
banking,6
kevinh,28
ba,24
rr,36
corniche,2
firm,14
civilization,8
biligerent,2
exercise,4
projection,2
arguement,2
instinctively,2
that,20
brave,4
generous,2
geritol,2
weeny,2
insruance,2
darn,6
reasonably,24
mblock,4
matt,26
justice,8
swamp,2
homebrew,2
pubbrew,2
backward,6
horribly,2
spending,2
goodness,6
moolah,2
recklessly,2
ashamed,2
humanity,2
koch,2
rivet,2
shortage,2
alternative,2
candidate,12
cliff,10
weston,8
tem,6
kirjy,2
yuen,2
sweden,2
resident,8
eec,2
rogerc,4
collier,4
lc,2
ethylene,2
glycol,4
antifreeze,2
methanol,6
coventry,4
scared,6
athletic,2
trim,2
swiftly,2
happily,6
differently,2
representative,4
presumptive,2
humble,2
starting,2
erc,6
consciously,4
bollock,2
intuitive,2
concede,2
confusing,6
precisely,4
abruptly,6
tenfold,2
cornering,6
proficient,2
cognitive,2
whereupon,2
merely,2
firstly,2
gratified,2
affinity,2
prowess,2
training,36
overwhelmingly,2
regardless,18
lecturer,2
analyse,2
sceptical,2
unnecessarily,10
nitrous,6
enormously,4
detect,4
errr,4
lud,2
seiss,8
noticing,4
gradually,6
idle,28
awhile,10
consumption,8
consistently,6
quit,16
kotdohl,4
kotwitdodl,4
buckey,4
beemers,6
bk,4
bparker,4
uafhp,4
parker,4
motorcyle,6
talking,6
invent,4
sebastian,18
sears,32
permeable,2
sheild,10
mumble,6
maintenance,26
cb,54
buffalo,8
duncan,12
sterling,6
commonly,4
puch,2
paris,2
barcelona,2
superbike,4
mais,2
voulez,2
vous,2
peu,2
melange,2
evelyn,2
wells,2
cst,2
rhetorical,2
emerge,2
berate,2
beg,2
forgiveness,2
evie,2
branch,8
ira,4
mp,2
ireland,4
committee,4
vengeful,2
bloom,2
clunk,6
absent,14
evidence,8
forcefully,4
destroy,12
throughly,6
underlie,2
maximally,2
manuver,10
git,6
clue,8
traction,26
detailed,2
violent,14
disagreement,2
insufficient,2
correspondingly,2
jeez,2
railway,2
locomotive,2
transfer,8
corresponding,4
achieve,8
suggesting,4
braking,10
gregh,14
gregory,22
humphreys,6
louis,8
completion,2
naked,2
leo,6
belliveau,6
bluntly,6
gruncie,4
gillian,12
runcie,6
scotland,4
blaisec,10
blaise,10
cirelli,10
moron,22
nmm,76
shot,10
foolish,8
illegal,4
hassle,16
perp,4
judgemental,4
litte,2
ahatcher,16
hatcher,16
felony,6
mikej,2
mentor,2
graphic,2
sw,10
boeckman,2
wilsonville,2
framework,2
imposible,18
centripital,18
rotate,24
counteract,26
tendency,20
learner,8
impare,6
pphhhhhtttttt,2
maxg,2
gilpin,2
nead,2
kiwi,4
micronew,2
pedal,20
discern,6
cry,4
wolf,6
squidonk,14
editorial,4
reeve,4
revenge,4
loaner,4
ramp,8
offend,6
expose,6
glute,4
throtle,4
volatile,4
raw,4
stab,4
sargeant,4
ponie,4
explicitly,4
behavior,26
mufler,6
journalist,4
murder,2
bake,2
lately,10
grw,4
wasserman,4
vest,2
scarf,2
irrational,2
attraction,6
interleaf,2
hillside,2
waltham,2
humphrey,10
indicate,26
holiday,6
actual,16
knicker,4
twister,4
shoddy,4
journalism,4
string,4
settlement,4
trust,20
tue,20
sensational,2
delectation,2
treat,14
thrive,2
hysteria,2
ignorance,6
sensationalism,2
pinch,2
cynical,4
leaky,4
gearbox,10
teneo,20
tuus,20
intervallum,20
cuurrently,20
poorly,4
density,2
moisture,2
initially,2
unscrewed,8
mikuni,10
fixable,6
geis,4
arrl,10
platypus,10
naswa,10
lwca,10
rcma,10
spesification,22
vidar,10
olaf,6
solberg,8
vidaros,6
g,14
vf,10
vt,14
cl,2
steet,2
cm,4
cr,2
dual,12
suffix,2
gl,4
rohnert,6
nra,14
klf,2
franklinkl,2
lloyd,12
carr,16
nondamage,4
comfortable,40
bang,2
confident,2
depression,2
magnifying,2
getoff,2
pavement,12
helmete,2
inquire,2
fiberglass,6
delaminate,4
fiberglas,2
crushable,4
foam,42
absorb,8
functionality,2
delamination,2
occur,14
inspect,6
compromise,6
prior,4
integrity,2
gwrra,2
sinner,4
hasty,36
jnmoyne,20
moyne,20
dui,16
influence,22
intoxicate,24
liquor,32
imparie,6
surprised,8
lousiana,10
confine,10
trailere,2
sand,18
application,4
drincke,16
rincke,14
tssc,8
metallibasher,2
schultz,6
inquiry,8
dart,12
intersection,18
scottish,2
terri,2
henceforth,2
oem,8
enuff,4
nipper,2
def,2
vulnerable,6
trump,2
mongrel,2
adverse,2
injury,8
neighborhood,6
vicious,2
unleashed,2
bean,22
bonus,4
reverb,2
ian,16
deeley,4
mikeh,4
hollyman,6
spit,8
mac,4
knobs,4
timing,14
advanced,4
synche,4
emu,2
sussex,4
anon,2
mmaser,16
maser,16
engineer,4
barry,8
manor,6
accidental,4
sized,2
dent,16
suddent,2
bump,6
vibration,16
twinstar,4
rating,12
pinetree,8
sidney,8
twinfart,8
excess,8
bimotamoeba,8
gay,8
victoria,8
bum,10
sundheim,40
criticism,14
final,22
motos,6
capacity,12
fallen,4
marlboro,4
arizona,8
preciate,4
thanx,6
grandrapids,4
hondo,4
tailgating,4
meaningful,2
occupant,2
exception,2
demonstrate,2
physically,10
pause,2
bitter,2
proficiently,2
liscence,6
oneself,2
suburb,4
wq,10
autoindent,2
jaguar,16
lotus,22
vauxhall,6
blasphemy,8
sacrilege,8
ownership,10
fundamental,8
clause,10
anita,6
measurement,6
core,4
carleton,4
publ,2
antonio,4
salerno,2
liver,2
spleen,2
pancrea,2
miraculous,2
organ,2
giant,2
magnife,2
guage,2
pod,2
thone,14
wuvmd,8
visually,2
scrape,14
consultant,8
enterprise,6
orleans,4
wheelchair,4
bind,2
rig,12
consist,4
conventional,4
legless,2
staal,6
amund,2
vinterbo,2
strongly,4
preparedness,2
exclude,4
aspect,4
among,10
opposite,12
scenario,2
panic,18
slung,2
sleepy,2
hungover,2
judgmental,2
impaired,2
caddy,2
adult,4
slave,2
concubine,2
reprisal,2
dope,2
juicey,2
nihilism,2
electricty,4
sigha,2
halogen,18
bulb,14
incandescent,2
cheapo,2
myass,2
weatherman,2
teeth,2
seperate,8
mtrost,4
trost,4
jug,8
munge,4
cobra,52
feedback,8
basiji,8
incidentally,6
shroud,4
articulate,4
harden,8
cylindrical,4
locking,6
pawl,4
joint,10
articulation,4
handcuff,4
leverage,4
torch,8
vice,4
cutting,8
itasca,6
jrlaf,12
laferriere,14
xxxx,26
pertain,12
found,8
flesh,8
cousin,14
who,8
ursa,14
violence,2
thumper,2
documentary,6
racer,22
mcqueen,2
nazi,2
qualfication,2
corrado,8
mitchell,4
undetermined,6
pennsylvania,8
palisade,4
parkway,12
pleasant,8
scenery,8
sidetrip,2
seven,10
sweep,8
canopy,2
mitch,4
communications,2
vax,2
roommate,2
cotton,8
windbreaker,2
invest,4
got,4
rainstorm,2
enter,10
town,46
urban,10
eject,2
upward,4
fortunately,4
slid,2
anecdotal,2
someplace,2
boston,14
economize,2
private,10
licensing,10
upstate,2
ergo,4
buyer,8
settle,6
showroom,6
aclu,8
designation,2
uncalled,4
manhood,4
challenge,6
lynn,54
gutter,8
raisin,6
tittie,6
whacha,6
ifin,6
lovely,10
refering,6
pillage,10
nos,8
bros,8
rephrase,4
detention,6
frog,6
obmotowashe,4
cotterpin,4
lurk,14
recess,4
bath,4
pinkie,4
powder,10
undercoat,4
dpa,4
evince,2
popularity,2
nonstandard,2
cobralink,10
articulated,2
strand,4
joyrider,2
link,22
frozen,4
hammer,2
snip,8
authority,2
frightfully,2
thin,10
boltcutter,2
kryptonite,36
rope,4
flexible,4
mechanism,16
jaw,12
shear,4
grinder,2
cutoff,2
durable,6
yield,6
fyi,4
krypto,24
paycheck,4
monterrey,2
peninsula,2
resort,2
entrance,2
bensberg,2
legislative,4
recound,2
sproulx,2
stephane,2
proulx,2
repost,4
sender,6
scrumpy,2
bnrgate,2
corpgate,2
swrinde,2
mips,2
widener,2
ibmpc,2
cug,2
pipex,4
unipalm,2
uknet,2
cybaswan,2
eeharvey,6
newsgroup,4
armour,2
padlock,8
sec,16
cropper,2
immobliser,2
cyclelok,14
abus,16
flex,6
revolver,2
diskus,2
closed,10
shackle,4
magnum,2
disclock,2
mini,2
depressing,2
reading,8
landscape,4
garden,2
accommodate,2
underestimate,2
walled,2
investigate,2
haggle,2
distributor,4
brandon,2
oliver,2
crescent,2
hawick,2
roxburgh,2
tel,12
swansea,2
camel,8
cigarette,8
benchrace,4
nasa,6
pip,4
pothole,10
storm,2
saving,2
weekday,4
outbound,2
inbound,2
structurally,2
cement,2
facer,2
inability,2
siren,2
reccomend,2
disappoint,12
arguably,4
period,22
venting,2
agv,2
sukhoi,2
christ,2
mildly,4
paranoid,2
intuitively,4
tuchuse,2
teaching,2
steerer,2
proper,20
whichever,4
sack,4
potato,4
speech,2
nuisance,2
oconnor,4
bieffe,8
helmette,2
nogin,2
immoveabe,2
energy,10
immoveable,2
jiggled,2
toast,2
jiggle,2
cylist,14
predict,4
conscious,10
til,2
stoplight,4
presume,16
grapple,12
slamming,2
stantion,2
slip,24
stoppy,2
grind,4
prohibitionist,2
prick,2
solicit,2
madd,2
sadd,2
irrelavent,2
indefensable,2
unforgivable,2
differnece,2
alanf,4
fleming,2
hike,2
kotbbbb,2
christine,2
hogan,4
gynecologist,2
appointment,4
exam,2
sitting,10
excite,4
massacre,2
slay,2
emily,2
dickinson,2
slammed,4
ow,4
steenkin,4
sensation,4
lifestyle,4
thinkage,4
rely,8
automate,2
listserv,6
instant,2
gratification,2
schedule,6
subscriber,6
wet,10
matchless,4
wilson,2
heathman,10
poll,4
survival,10
tackle,4
unarmed,4
trifle,6
untrained,4
mutt,4
slink,2
altogether,4
briar,2
rise,4
lilly,2
titan,2
resurrection,2
indianapoli,2
pashdown,6
ashdown,6
maicoletta,8
dimension,8
reline,6
fop,2
sew,2
lloyds,2
delilah,2
deverona,2
maryland,4
dab,4
braun,2
dana,22
myers,12
hartzler,28
ignoramus,10
views,2
express,30
reflect,14
abolition,2
wpm,2
tests,2
goldwe,4
gsxr,8
centerstande,2
tilt,4
nankai,2
phrase,6
typically,2
japlish,2
agressively,2
ds,18
fifty,2
spag,6
iteration,4
boxer,36
friz,2
overhead,8
valvetrain,2
roughly,12
radius,10
loath,2
revolutionary,10
unique,6
clever,2
extrordinarily,2
lobe,6
hydraulic,4
actuation,2
pressurized,2
stream,2
waterwheel,2
brutal,2
random,8
pressurize,4
remarkably,2
wimp,2
propensity,4
explosively,2
feasible,2
xx,2
valvestem,2
drawing,2
curvature,2
disappear,2
diagram,18
pointy,2
pundit,2
sensuously,2
curved,2
fin,2
beneath,2
vik,2
moderately,2
plague,2
privateer,2
fate,4
approximately,8
staffer,2
production,8
thirty,4
historian,2
migrate,2
disgust,2
assurance,4
latch,4
engagement,2
unlock,2
thirdly,2
keyway,2
sole,2
screwdriver,2
fourthly,2
thickness,2
deter,2
theft,8
weakness,20
patient,4
fingernail,2
clipper,2
pky,6
tsk,24
baghdad,6
devoid,6
humour,6
sarcasm,8
wit,10
apparent,10
mea,6
culpa,6
overpay,6
nonsense,2
unexcite,2
considering,2
untill,2
altho,2
scar,8
piper,2
overheat,2
seize,6
impossible,4
polished,6
jjb,10
brewer,10
dentabox,6
putty,6
gutsy,4
rwert,20
wert,18
bumpy,18
sf,16
areans,10
rail,20
pee,14
rmw,2
mustang,6
nuetzman,12
hte,4
vlx,4
costly,4
staying,4
wuit,4
whine,10
duke,4
tuition,4
aptly,6
reminding,4
prime,4
stupidly,4
restrictive,4
responsibly,4
mandatory,6
offense,8
genuine,6
admitting,6
prague,2
racelist,2
listserver,2
devoted,2
broad,4
motojournalism,2
roadrace,4
perspective,2
pit,4
weekly,4
contributor,2
switzerland,2
perceive,2
subscription,8
administrator,4
rsvp,6
timely,2
receipt,4
metoo,2
inclination,2
employment,2
prematurely,2
originate,2
whence,2
administer,2
administration,2
watmath,2
majordomo,2
dba,2
consulting,2
gain,4
verity,2
pinhole,2
xlh,14
fxr,4
vwelch,4
von,4
recomend,2
rubberized,2
ncsa,2
development,10
subaru,2
residence,2
fantasy,2
bellcore,2
withdrawl,2
inet,2
yea,10
proportional,2
aero,4
matching,8
detach,2
stow,2
goldfine,2
supposedly,6
mangle,2
ineffective,4
attorney,2
mangement,2
conviction,2
inconvenience,8
defend,4
considerable,4
moral,8
fucking,4
paltry,2
violation,8
authorization,2
unassigned,2
citation,6
accusation,10
commit,8
crime,12
description,16
prosecute,8
contested,4
michaelb,2
burton,2
frenzy,6
cadwell,4
attract,10
constitute,2
ann,2
arbor,2
crossing,4
brit,6
yawn,4
concordance,2
starrider,2
lear,4
instruct,2
pupil,2
blissful,2
rwall,4
goat,6
ram,4
dash,2
tangle,4
barb,4
samaritain,2
untrangle,2
seeing,2
jolly,6
holler,8
bohica,4
anti,6
rodder,2
pile,2
february,2
advirtisement,2
mixer,2
neo,2
overkill,4
priduct,2
mechinical,2
propylene,2
testing,6
elminate,2
detonation,2
ping,4
environmentally,2
baker,2
precision,2
dept,4
srm,2
gundry,2
neither,18
endorse,4
unendorse,2
advert,2
blurb,2
disadvantage,2
existance,2
immense,2
detract,2
stray,2
assertion,4
nak,22
disaster,4
comp,6
acc,2
warantee,4
customer,12
doa,2
cranking,4
yuasa,2
neil,8
kirby,8
labs,8
rph,6
arc,10
super,10
chemist,2
limitation,2
requisite,2
ignitions,2
cake,2
smoother,4
satisfy,8
bass,2
dumb,8
hack,6
anough,2
manifold,4
terrific,4
hesitation,2
tan,2
rejet,4
setting,4
grizzle,2
veteran,2
wrencher,2
gestapo,4
ot,2
versis,2
jeezzz,2
desire,8
farming,2
ranching,2
mutant,2
entity,2
march,2
sociable,2
cute,4
dunlop,2
sportmax,2
metzeler,10
lazer,2
powerful,8
bowers,4
hobie,4
kottke,4
iaido,4
edgetacalculator,4
chaparell,4
accesssorie,4
intecptor,2
kotk,2
bauds,2
fuschal,2
majesty,2
cardboard,2
humourous,2
arrow,2
dwarf,2
glh,2
utilize,2
unkosher,2
disgusting,2
unidentified,2
intimately,2
acquaint,2
remotely,2
boeing,2
behave,4
gravitationally,2
negotiating,2
impend,4
destiny,2
lucifer,2
blend,2
canine,8
doberman,8
rottweiler,4
grace,2
jowel,2
creature,2
fuzzy,2
mistaking,2
fang,6
saliva,2
shorten,4
verbose,4
tale,4
burly,2
honestlyhave,2
minion,2
beelzebub,4
resemble,2
handgun,4
dehp,2
de,6
haan,4
forecast,2
flurry,2
executive,4
donald,2
fehr,2
baseball,4
player,4
knoxville,6
border,4
kentucky,4
tennessee,2
hearing,2
explore,2
afterward,2
ridge,4
jogging,2
marlington,2
petersburg,2
lotto,42
landmark,2
phenomenon,4
puncture,2
offender,4
comfort,10
unaffected,2
degrade,2
missing,2
msfci,6
hogssc,6
bcso,6
harvard,6
dagibbs,16
gibbs,18
modicum,2
stupidity,2
unreasonably,2
injure,8
sturdy,2
footgear,2
hiking,2
army,2
lace,4
tied,2
similarly,8
noticeably,4
gingerly,2
medication,4
drowsiness,2
eg,4
dependable,4
stator,2
raible,4
mellower,2
hamilton,10
pens,4
shyah,4
izzat,4
philadelphia,10
afraid,12
restrain,2
geez,4
perdicaro,12
sixteen,2
demo,10
tent,2
outlandishly,2
convention,4
shelly,2
classroom,2
usuall,2
cookout,2
cheif,2
slime,2
jt,4
cindy,16
dissappear,4
slippery,6
lighly,2
newbury,4
gloucester,2
inland,2
andover,4
difficulty,6
purr,6
grunt,4
heft,4
wallowing,4
buffet,10
effortless,4
transmit,20
endless,4
camber,4
binder,4
clam,4
shack,4
oft,2
spencer,4
hire,2
onramp,4
yank,14
wrist,4
singal,4
redline,4
sweeping,4
wick,8
threate,4
beverly,2
slowness,2
diet,4
evan,4
xyvision,4
legalize,4
edgewater,4
inhouse,4
marvin,8
wakefield,4
outhouse,4
esp,6
infant,4
etiquette,2
catchy,2
pas,2
lamp,14
thinngy,4
plugs,4
trickle,6
intalle,2
lookit,4
sonuvabitch,2
unlike,10
putze,2
nyah,6
abrupt,2
wee,4
whack,4
tame,2
aggressive,2
crush,8
cookie,2
martenm,10
marten,10
worked,6
asking,8
gladly,6
eclipse,14
maxima,42
spooge,32
comeback,2
pithy,2
ppppppphhhhhttttttt,2
heh,8
wrs,20
diddleysquatpoop,14
ferchrissake,14
false,6
misinformation,6
invert,6
mueller,2
ledge,2
nctr,6
cohvco,6
handey,4
nbetz,6
nathan,6
betz,6
ascot,18
ossifer,6
cyberspace,4
mister,2
deed,8
deleta,2
adman,2
akin,2
painful,2
imo,2
regulator,4
kludge,2
junkyard,2
overcharge,4
refill,2
wiring,16
toasty,2
insulation,2
underspecified,2
straightforward,2
outrageously,2
grain,2
dale,4
sentiment,2
unnerve,2
squidly,4
grip,78
snappy,4
sicken,2
lurch,2
aggressively,2
unsteady,2
confessional,8
everytime,12
uncontrollable,6
phase,10
gaze,6
sadistically,4
hurl,4
precipice,4
swarm,4
tourist,4
spoked,6
shudder,6
pity,6
soul,8
scrapping,4
discard,10
maytag,6
refridgerator,4
deliverance,4
loathe,4
milwaukee,4
preaching,6
bigdog,4
wright,8
olszowy,2
tnn,8
est,2
persuade,2
lend,2
greatful,2
sorta,4
predicament,2
renounce,2
debt,6
rapist,2
stinkin,2
gubment,2
stiff,6
penalty,2
define,2
sucker,4
belstaff,2
securely,2
layout,2
magnetic,4
cgkarras,12
christopher,22
karras,12
dip,8
extract,2
reinserte,2
withdraw,2
filler,6
reinsert,2
screwing,2
headlight,20
tone,2
brent,4
roaring,2
whir,2
apprec,2
sod,2
conboymj,2
j,4
conboy,2
massage,2
bundle,2
thigh,12
competition,18
accesorie,4
ussually,4
backorder,4
bush,8
coating,10
vht,4
sanding,6
soooo,6
minneapolis,4
specialize,4
aluminize,2
durability,2
texture,2
collector,2
up,18
abuse,8
offensive,4
nastly,4
ooop,4
aerial,6
done,8
undetected,4
bummer,4
tension,2
lo,8
associate,6
unconscious,2
whereas,4
manipulate,2
hola,2
amigo,2
quiero,2
lightweight,4
backroad,10
pluck,2
straddle,4
tandem,2
agency,2
guesstimate,4
tucson,6
annum,4
muchas,2
gracias,2
enrique,4
zowie,4
powderkeg,4
deforest,4
arean,4
magna,4
skittish,2
perpendicular,12
manageable,2
checklist,2
dismount,4
hug,2
gradual,2
compensate,8
stress,2
passwnger,2
whever,2
humored,2
speedometer,6
cluster,2
lincoln,2
continental,2
unwilling,2
nerve,4
mudslide,2
nicely,8
carpet,4
invisible,2
soap,2
dilute,4
kotfaq,4
deliberate,2
requester,2
muttonhead,2
sensitivity,2
despise,2
belittle,2
verbal,12
oog,2
magnet,2
unisql,24
leah,6
boon,6
twinkie,12
cassidy,36
kyle,18
gbnvgw,4
magic,6
considerably,6
venture,2
mock,2
joseph,2
mocker,2
xxx,2
yyy,2
urge,20
occassion,4
roulette,6
lnr,2
experimental,8
lamb,2
convex,6
marketing,4
tobia,8
waterview,4
richardson,16
fearless,4
gleason,4
coil,10
tubular,2
nitrogen,6
warehouse,4
disable,2
deterrent,2
vandalism,2
fle,2
camshaft,2
legend,2
shed,4
vain,4
rumble,8
oo,4
benham,8
insu,4
ideal,6
licence,12
lemay,12
laura,6
owww,2
myelf,2
guythingy,4
shorter,2
unobtrusive,4
consistent,4
bonk,6
foreward,2
guardrail,6
beforehand,2
writer,4
beryllium,10
mdennie,12
dennie,14
subsidize,4
uncomfortable,6
crest,2
lessen,2
severity,2
waist,12
panicked,2
slapper,2
posture,2
mower,2
purty,2
explode,4
binger,8
caution,2
arms,4
rowland,18
rowlands,4
alex,6
technologies,4
uxbridge,4
eale,4
bemoan,4
buyout,6
elan,16
sensible,6
vicker,6
pillar,4
ob,4
bleed,4
bloke,4
bung,6
bleedin,2
sui,4
balboa,2
ca,10
freebie,2
ambulance,6
vmax,14
nevermind,6
bluefield,2
obsolete,2
ferodo,2
deutsche,2
motorrad,2
grover,4
shreveport,4
maico,2
newsletter,6
dipstick,2
fyex,2
dilemma,2
fabric,4
tailwag,2
unexpectedly,2
macho,4
arrowing,2
intercept,6
unwise,4
jeans,2
victory,6
qualified,2
llamas,2
insist,4
kinder,8
incourage,2
keyword,8
ridicule,4
belief,4
manually,4
outgoing,2
preserve,4
interface,2
natch,2
elm,2
parentage,2
unsubscribe,4
mta,8
smartest,2
automatically,2
occassionally,10
goof,2
spurt,2
grok,2
moscoso,2
replaces,2
addr,4
smead,8
adjustment,16
interval,8
supposse,4
clearence,4
adjuster,4
yam,4
enthusiastic,6
timl,2
layman,2
nervous,4
magnetically,4
virtaully,4
dismay,4
thi,2
bm,2
ruby,2
platinum,2
perpetually,2
loot,2
acuff,4
ft,4
collins,2
oldsmobile,2
energetically,2
jimbe,6
sdun,4
dunne,4
windows,2
lddc,2
dockland,2
reflection,2
litigious,2
affiliate,2
conceal,2
bareback,2
kicking,2
broken,2
punching,2
incline,2
rideability,2
widest,4
band,10
angeles,2
mutual,4
aquaintance,2
ucla,2
kathleen,2
harmon,20
sommer,10
activist,4
universal,6
barnacle,6
equestrian,2
counter,4
mlj,4
jaster,4
flhtcu,4
scoot,6
conversion,6
screamin,10
pushrod,4
brace,6
cooler,4
thermostat,4
hm,4
wk,4
melbourne,4
florida,8
skier,2
deform,2
alter,2
bugg,2
similarity,2
analagous,2
underlying,2
spark,8
examine,4
attached,2
manoeuvre,2
frictionless,2
rotation,2
magnitude,4
cantact,2
sideways,10
wetbike,2
propellor,2
arrangement,4
conclusion,16
behaviour,6
lump,4
jerks,2
uhm,2
wimpy,4
pessimistic,2
psych,2
adrenaline,2
armed,4
subtly,2
pistol,2
northeast,2
kendall,10
janice,6
adobe,2
onward,2
fog,2
oat,2
willie,2
chassis,2
overfond,2
protest,2
chatter,4
grinding,2
preference,2
bottomed,2
harshness,2
knocks,4
hasy,4
palce,4
liab,4
fer,4
rourke,2
fester,8
gsx,2
ninjas,2
inventory,4
acquire,2
comparatively,2
anytime,6
disreputable,2
tidy,4
traceable,4
quitbye,4
ctrlaltdel,4
logout,4
zzzzzz,4
vi,4
helpquit,4
ctrlshftdel,4
phj,18
ju,10
degenerate,2
comparative,2
glassboro,2
bargain,2
related,2
patricia,8
bergman,16
handgrip,8
wiseguy,4
fingerless,2
cushy,2
drugstore,2
zebee,10
johnstone,6
mz,2
neal,52
apocalypse,4
toggle,10
overpass,4
underpass,4
canon,2
baffles,2
scanner,2
greyscale,2
euro,4
bandy,14
beal,2
jam,2
breathe,8
deeply,2
dentist,2
monoxide,2
whippit,2
oxide,2
breaker,22
helpless,6
decsion,6
moroon,8
actuality,18
incident,18
tachomet,2
comfortably,2
permenant,10
bobm,4
brimstone,4
morley,6
catherine,12
saum,16
passngere,10
fiance,12
dull,22
teeny,10
buff,12
mcguyer,2
lable,2
carnuba,2
agile,2
timeframe,2
notably,2
yuk,48
dragging,2
labour,2
worldcon,2
fiction,2
speculate,2
depart,2
planned,2
calc,2
crow,2
camera,2
snarky,2
sanity,2
circuitous,2
detroit,2
whithorse,2
pess,2
distributer,6
catering,2
highlight,2
breakfast,2
classified,4
dagibb,4
funnel,2
gusty,2
crosswind,2
windward,4
dramatically,2
turbulance,2
nimble,2
extensive,2
introduce,12
polysyllabic,12
strabismic,8
yau,2
felix,2
chung,2
seemed,2
subside,2
pattern,4
gasoline,10
octane,20
stump,2
restart,2
flood,6
beautifully,2
similiar,2
vent,10
clog,14
constrict,4
overflow,2
interfere,2
carburator,4
hose,12
tubing,2
freely,2
airway,2
partially,4
defective,4
foreign,4
debris,2
airways,2
bbb,2
syd,4
impress,2
bluegoo,2
sideplate,8
rmccu,2
chambers,2
thence,4
shoudl,4
hoc,4
lament,2
idolize,2
parochial,6
ostrich,6
aspire,2
yanks,4
canadians,6
midway,4
invasion,4
smug,6
efficient,38
higher,4
hmmmmm,8
occurance,10
renumerance,10
dd,16
suaree,16
cock,8
soo,6
andress,6
orphan,6
willed,6
feeble,2
bunghole,2
skull,6
homophobic,2
racist,2
sexist,2
rim,14
alternatively,2
closet,2
satisfie,2
melching,2
ar,4
frag,2
naahh,12
limp,2
televised,2
replies,2
turns,2
axle,8
centestand,2
tutorial,2
mexican,4
zounds,2
strategic,2
significance,2
lore,2
proudly,2
disuse,2
gosh,4
tingle,2
snuffy,6
bartle,4
powered,2
aged,2
putt,4
maschine,2
constantle,2
ron,8
berlin,2
comes,2
screache,2
smoothly,6
modulate,6
wedge,6
sideway,6
yip,4
veer,4
robd,2
honestly,4
truth,18
occifer,2
wazznut,2
realy,4
xxmph,2
stereo,2
honesty,2
yami,4
took,4
totaly,4
lawson,4
russel,2
adventurism,2
balkanization,2
peeve,6
playmate,2
wfk,4
ketzeback,4
kyptonite,4
utypes,4
motivation,6
unlawful,4
skeptic,2
cordless,2
dremel,2
plausable,2
childishly,2
cg,2
trival,4
deterent,4
locksmith,4
pager,2
earshot,2
questionable,2
intention,4
rambunctious,2
ratbike,2
instance,6
sadly,4
useable,4
curb,2
aircraft,4
mechanically,2
master,6
robg,4
griffiths,4
visibility,4
taillight,2
flicker,4
defenseless,2
extent,2
activator,2
certify,2
basher,2
zamboni,2
arkansas,2
helena,2
kids,4
gender,2
bessette,2
bong,18
ridin,4
tex,4
aproach,4
muzzle,2
figgure,2
unballance,2
bicycling,6
fend,6
peddale,2
complain,12
precluded,6
aggravation,4
disposition,4
oav,6
moderate,8
flamage,10
mentioning,4
hitler,4
koresh,4
tennis,10
weasel,2
squeezer,2
illinois,2
teppo,4
nieminen,4
partial,4
disassembly,4
millimetre,2
gearchange,4
millimetres,2
fixing,2
zoo,2
helsinki,2
shopping,2
external,2
construct,2
removable,2
satin,2
coasts,2
groverc,2
cleveland,2
sacramento,4
gc,2
affirmative,2
bee,4
fresno,2
modesto,2
stockton,2
heinz,4
procrastination,2
tarp,2
pray,2
carbeurator,2
campus,4
bonfire,2
ideas,2
int,2
z,4
printf,2
concentrate,10
enjoyable,4
upshift,2
diving,2
routine,4
copped,4
recieve,4
enliven,2
vicariously,2
waitin,2
grandrapid,2
schauer,8
comstar,2
homework,2
instruments,4
sane,6
disavow,4
wer,4
unload,12
crawfish,2
aw,4
overreaction,4
condemn,4
everthing,4
flamee,4
sequitur,4
guns,4
flourish,4
contend,4
entertaining,4
habitual,4
flair,4
trite,6
glorify,4
tedious,2
forth,6
libelous,2
slanderous,2
proliferation,4
widely,2
problematic,2
haul,4
dic,4
score,4
incorrect,4
applicable,6
outrun,6
flatulent,4
staple,4
posterior,4
jscosta,4
tag,14
distinct,4
glaring,2
chihuahua,4
shephard,4
defeat,4
barehande,4
ir,8
reflexe,4
paw,6
pucky,4
shitless,4
attendance,8
meat,6
ittle,4
puckey,2
disabled,2
espcially,2
cooperation,4
beastie,2
maul,2
there,2
theater,2
sleeper,2
nancy,4
sturgis,2
engross,2
roadkill,2
rom,2
nominally,6
splitsville,2
saady,6
bucket,2
gnarly,2
spill,4
visor,2
smokey,6
reed,4
gang,16
rental,6
failure,8
instinct,8
mutually,6
manouvre,8
unduly,2
says,2
wayne,10
orwig,10
litle,2
sat,2
mindless,4
fiddling,2
tumbler,2
nursery,2
rhyme,2
swingin,2
viola,2
midland,6
antic,2
football,2
soccer,2
goalkeeper,4
sierra,2
pitch,4
backwards,4
beals,4
devil,6
progress,4
recommandation,2
sipde,6
curriculum,2
swerving,2
confront,2
maneuver,6
detection,2
countermeasure,2
terribly,4
subtlety,2
touchy,2
starch,2
undie,2
considerate,4
jesus,2
filling,2
dms,2
levi,2
bomber,2
darth,2
vader,2
seen,4
cruisin,2
rightous,4
righteous,2
ploy,6
artificially,6
breeding,8
definition,8
harely,6
connie,8
wanta,6
armorall,2
physiologist,2
serafin,8
nominal,2
robinhoodlike,2
seabrook,4
freind,2
slimline,2
predictable,4
biased,2
collegue,2
sore,2
fujitsu,2
systems,4
solutions,2
hollis,2
emeryville,2
saltire,2
gule,2
counterchange,2
gunfighter,2
fasten,2
backr,2
grade,2
wider,2
dixville,2
pinkham,2
smugglers,2
bizzare,10
infmx,4
arturo,18
vega,8
shaftie,18
ito,8
nly,8
bullet,2
confrontation,2
kidlets,2
kotpm,2
manufacturing,4
relegate,4
belove,2
blacktop,2
madonnas,2
dashboard,4
madonna,2
messiah,2
abode,2
meantime,4
revise,2
cod,2
apocalyp,2
ashram,2
bein,8
themfolk,8
compose,6
irreverent,4
reprobate,4
rabble,4
relief,6
justify,12
indescretion,4
distorted,4
permissable,4
elect,4
draconian,4
legislation,6
stigma,4
wusse,4
conclude,4
cagers,2
impartial,2
ladycager,2
mwallace,4
wallace,4
attachment,4
bagman,4
optimal,4
castle,2
thrust,2
bing,4
succinctly,2
brotherhood,2
had,2
corporate,2
ellert,4
destroyer,2
calgary,2
lines,2
deceptively,4
breed,4
foe,2
eesh,2
destine,2
shin,6
notch,2
deterrence,2
functional,2
harness,4
sling,2
bandolier,2
dress,2
pulverize,2
vertebrae,2
berth,2
inflammatory,2
dinosaur,2
pavlovian,2
sang,2
chapel,2
vase,2
fingertip,2
gracefully,2
propel,2
underwater,2
orientation,2
uninitiated,2
bdcs,2
meant,2
pst,2
seagull,2
headway,2
booming,2
wfo,4
wickedly,2
antenna,2
surely,8
trainer,2
involuntarily,2
regurgitate,2
momentarily,2
disorient,2
disorientation,2
unconsciousness,2
oxygen,2
ooooooopsssss,4
damaging,2
breakage,2
salesman,2
newbieness,2
privelged,2
groton,2
killer,2
wake,2
blank,4
uncomprehending,2
launcher,4
beaverton,2
mutter,2
coulda,2
mpg,8
honey,6
anyplace,6
crankshaft,6
driveshaft,6
stability,6
detachible,4
plexigla,4
headlamp,12
sidelamp,12
illumination,12
linear,6
streak,6
periphery,6
lurking,6
alternator,8
shut,8
putter,6
embarasse,4
invariably,6
hayne,10
additive,8
ethanol,6
jibberish,2
jointly,2
uhhh,2
heartedly,2
aviode,2
rationalize,2
loan,4
johnny,6
pillon,2
agressive,2
repel,2
smacking,6
flee,2
unfair,4
colour,6
missile,2
million,4
guidance,2
capability,4
excitedly,2
topham,2
hatt,2
chaffeure,2
parental,4
associatign,4
thier,2
wallpaper,2
elder,2
superflamer,2
depth,4
incendiary,2
awarding,2
falter,2
bic,2
charity,2
audience,2
uninspire,2
blah,18
lecture,2
grasshopper,2
successive,2
embarrass,2
waco,6
charter,6
emphasize,2
twins,2
contingent,4
aspirant,2
messge,2
shame,10
prespill,2
drawback,2
tourque,2
trythe,2
buffeting,2
bubble,2
essence,4
itr,2
min,6
aggresive,2
squeze,2
over,2
princess,2
flooring,2
grudge,2
downhill,2
dobie,2
closeup,4
noggin,10
asphalt,6
runover,4
yelp,4
peripheral,4
imminent,4
squeegeed,4
pup,4
announce,10
enemy,20
dickhead,4
tourer,4
wozniak,2
churchill,2
dragonfly,2
reject,4
implication,4
renaming,4
participation,2
kenm,4
murphy,4
squids,4
kstell,6
embarassed,4
embarrassment,2
frustration,4
peacefully,4
merf,2
reaason,2
circuit,2
adelaide,2
seizure,2
merfman,2
operating,4
bloodstream,2
getabike,2
hyperagressive,2
amd,4
nearby,2
strength,2
brody,2
concering,2
dissemination,2
mouthing,2
higdon,4
chich,2
morse,2
cecil,18
nominating,4
chick,4
pertinent,2
biography,4
nominate,6
committe,4
afafter,2
exceed,2
nominationg,2
undertide,2
sic,2
commencement,2
grossly,2
taint,2
mockery,2
rectify,2
caricature,2
parenthetically,2
correspondence,2
appreciative,2
tou,2
woeful,2
befor,4
douglass,6
rabne,2
roughest,2
homeowner,2
accore,2
scented,2
sunlight,8
blur,4
barchetta,2
strain,2
ut,8
grundge,4
quadracer,4
paddle,4
dune,4
stickey,4
maw,6
alpinestar,4
visa,2
mastercard,2
ooh,2
atv,2
scorcher,2
outfit,2
ooooooh,2
spelling,2
alumnus,2
grub,2
pthptptphhph,2
backmarker,6
identically,2
qualifying,2
grabrail,6
hmmmmn,4
sweetheart,4
itu,2
lubed,4
attractive,4
slac,2
bayonet,2
scabbard,2
swedish,2
mouser,2
zuki,2
purple,4
hide,12
airborne,6
polite,2
respectfull,2
normaly,2
heater,4
reside,4
deteriorate,4
belive,4
ceremonial,2
shickley,8
reluctantly,2
taper,2
bronze,2
tsubaki,2
pirrhana,2
cutout,4
carrera,2
velo,2
kenney,2
tt,2
graduate,2
marriage,2
timothy,2
neurourology,2
urology,2
medicine,4
icbm,2
mlde,2
finaly,2
snowmobile,2
umop,2
apisdn,2
ridgway,4
tappit,20
speaking,6
shim,40
overlook,16
pond,2
configuration,2
dealers,4
lauglin,6
nevada,4
eaa,2
litter,2
nudity,4
trample,4
dipsy,4
dumpster,4
oatman,10
merchant,4
townspeople,2
predominatly,2
lyric,4
dime,4
jail,4
fwiw,2
cater,4
akelley,4
alyn,6
kelley,4
policeman,6
cuss,2
shout,4
perez,2
gift,2
confused,4
extension,2
shootout,2
inception,2
expand,2
mixed,4
comraderie,2
bash,6
mfg,2
consent,4
proscribe,2
flatulate,2
minister,4
secretary,2
startled,2
soandso,2
runs,2
blake,2
electra,2
adventure,2
smythe,4
aieeeeeeeeeeeeeeeeeeeeeeeeeeee,2
hardened,4
jointed,6
distinctive,2
pillione,6
feet,4
jetta,2
wound,2
gander,2
prosecution,6
splashing,2
roof,2
urine,2
splash,2
filthy,2
texaco,2
latrine,2
vlj,6
victor,10
splatte,2
semis,2
downwind,2
tumbleweed,2
sandblast,2
wyldoming,2
guste,2
crosswalk,2
bejeezus,2
dread,2
jolt,2
wallich,20
orate,2
abandon,2
noticably,2
unofficial,2
nippy,2
sincere,2
apology,2
silk,2
kmw,6
decwrl,6
vixie,6
amber,6
uupcb,2
resting,2
depress,2
absorbing,2
cushon,2
sidestand,6
chinbar,4
challange,2
mom,2
misinformed,4
misunderstand,4
teen,2
adust,2
nah,4
complacent,2
acre,2
deduction,2
intrude,2
deh,2
berry,2
refine,2
indiginous,2
intentionally,4
curricula,2
equally,4
halve,2
chirping,2
lockup,2
susspension,4
effectivly,4
impared,2
revocation,2
tought,2
slavery,2
intoxification,4
opposition,10
senate,4
senator,8
dodge,10
bizarre,2
governer,2
congress,2
kx,2
outgrow,2
looking,2
aka,2
passengere,2
tried,4
unnerving,2
mash,2
pulp,2
awkward,2
accouter,2
stout,2
stubbs,4
llsh,2
cbd,18
bradley,2
devlin,2
animate,4
opening,2
tiniest,2
eyeslit,2
batman,10
unrestricted,2
batdude,2
hidden,2
robin,2
trend,2
stylish,6
cartoon,2
precipitation,2
mammalian,2
honorary,4
artist,2
comic,2
precedent,2
induct,2
imaginary,8
virtual,2
digress,2
unpainted,2
centerline,2
sixty,2
impossibly,2
porch,2
slope,2
marks,2
hazy,2
welt,2
inconsiderable,2
delay,2
squeaky,2
jrwaters,4
soundly,2
faqed,2
monk,2
mario,2
trading,2
congestion,2
sumpreme,2
xerox,2
maier,2
edw,6
walsh,6
cracked,2
oddly,2
avon,2
roadrunner,2
innertube,2
milage,2
boranni,2
delicate,2
sidewall,2
hav,4
vetter,2
rounded,2
historically,2
accurate,2
representation,2
predate,2
boise,4
chop,4
personel,6
reving,6
deposit,8
appal,4
condone,4
encourge,4
egg,4
wheely,4
hormonal,4
kerker,4
salesdroid,6
droids,2
sneaky,2
cyclist,4
esv,6
seating,2
bejeeber,2
reall,2
sos,2
strip,6
assorted,4
coll,2
frictional,8
dwarner,6
warner,4
sabbatical,4
newsfeed,2
cfc,2
compuserve,2
sheeyaahhh,2
fxst,2
fluff,2
bikeless,2
smiley,4
nevertheless,2
ckin,2
equistrian,2
velvet,2
unaided,2
diesels,2
unshrouded,2
noticeable,2
shovelhead,4
computrac,24
std,12
kekule,12
folx,2
twang,2
wang,2
pgouda,2
goudas,2
hahahahahaahahha,2
whahwuhuhahuah,2
tongue,2
flavor,2
taxis,4
pedistrian,2
messenger,2
randomness,2
carver,2
soho,2
manahattan,2
durham,2
condo,2
shat,2
bigtime,2
scrathe,6
cathy,6
negley,4
pgh,4
wooden,4
studio,4
supercalifragilisticexpealidotious,4
disparagement,6
superflous,2
eerik,24
villberg,12
jnm,4
owi,2
omvi,4
harris,6
ames,6
ia,6
jgoss,4
goss,8
faus,2
halsey,2
redford,2
clyde,2
international,4
raceway,4
ferget,4
hmmmmmmmmm,2
gotabike,2
alcoholic,6
television,2
reception,2
yeh,2
telly,2
introduction,2
deck,2
hinge,4
rectangle,2
nonflexible,2
instantly,2
sheppamj,8
sheppard,8
replced,2
chilton,6
particularaly,4
carful,4
exciter,2
clarkson,2
frontal,2
pickle,2
tep,2
etcetera,2
centigrade,2
thighmaster,2
finding,2
convienience,2
errand,6
suspicious,2
trunk,2
unzip,2
zip,2
elastic,2
spacious,2
martind,4
martin,4
kim,16
sharpe,8
sothw,8
bryce,28
zion,12
paved,2
monticello,4
recreation,2
turnoff,2
anticline,4
pave,4
paperwork,2
kabaidze,2
soviet,2
po,2
rib,2
digit,2
iq,4
tracer,2
capitol,8
reef,6
booklet,2
unpaved,2
backway,4
council,6
hixon,4
wera,4
lumsden,2
superstock,2
talladega,2
gpr,2
wobble,2
hah,2
exposure,2
repairable,2
humph,2
uninhabitable,2
creeper,2
whazzat,2
fanatical,2
salad,2
honor,2
rodney,2
beanie,2
reflector,14
nighttime,2
carnival,2
pms,2
unsuccessfully,2
retail,2
outlet,2
purveyor,2
hahahahaha,2
southbound,2
interchange,2
rolling,2
unsignaled,2
unsignalled,2
watts,4
kilowatt,4
leetle,4
doncha,4
lois,2
drone,2
oooo,2
forgot,4
increment,2
selectively,8
ha,4
scream,4
hysterical,4
reporter,4
babysnatcher,4
rescue,4
wrecked,4
xtian,4
gospal,4
kidnap,4
eastern,2
stallion,2
munster,2
ham,2
ip,4
melche,2
vivid,2
naw,2
flamewar,2
relevance,2
arun,6
vadlamani,2
grease,2
noe,2
fluent,6
brice,4
dowaliby,4
degress,2
keeping,2
ethan,8
bowerman,4
cheech,4
chong,4
maxe,4
bury,4
idjit,2
conversely,2
apathetic,2
th,4
pebble,4
descriptive,2
countess,2
ada,2
lovelace,2
spokeless,2
rant,2
grr,2
drizze,2
rainy,2
soak,2
thermal,2
emgo,2
wobbly,2
cosmetic,2
unscrew,2
flashlight,2
continuous,2
lighting,2
chiefly,2
ugh,2
login,2
blech,2
skyshot,2
rye,8
kickstand,2
tar,2
davidson,2
mpls,2
youngman,2
nuff,2
laywer,2
consolation,4
premium,2
ame,4
gilbert,8
quicken,2
unslung,2
fanny,2
fluster,2
eloquent,4
toolkit,2
holds,2
evvery,2
solemn,2
paralever,4
intensive,2
yous,2
miller,4
meguire,2
elixir,2
patlo,6
loughery,6
fiancee,2
disconcert,2
slowing,2
deceleration,2
inopportune,2
somegrip,2
slapping,2
urgency,2
hungry,2
jumping,2
multiply,2
volcanic,2
tiring,4
vme,2
dioc,2
adventurous,2
skydive,2
stiffer,2
cardinal,2
prepared,2
bladder,2
ample,2
unpredictable,2
mychalkiw,4
possesion,2
weighs,2
spoke,4
underground,2
mesh,2
encase,2
ryerson,2
polytechnical,2
centre,2
sprung,2
ordinarily,2
edmond,2
auckett,2
favour,2
ja,2
central,2
wrangl,2
dmunroe,2
li,2
mistook,2
arnold,2
schwarzenegg,2
silliest,2
subjective,2
misconception,2
braze,6
credential,2
kipper,2
mutate,2
brazing,2
scrap,2
yamadog,2
aa,2
sodding,2
calcutta,2
snigger,2
spotty,2
bevel,2
mr,6
holt,4
gaz,2
marmalade,2
isle,2
wight,2
eternally,4
kanji,2
rigg,2
convenient,2
suspense,2
jtrascap,2
trascapoulos,2
roomate,2
drum,2
lockable,2
heatproof,2
cargo,2
origional,2
ack,2
silvia,2
microsoft,4
hawks,4
vacant,2
britt,8
expereince,2
drastically,2
phenomenology,2
wavery,2
balk,2
ail,2
improper,2
drastic,2
sheeesh,2
endear,2
klr,2
proctologist,2
nomex,4
kharma,4
carl,8
santora,4
exploded,2
flatslide,2
hamiltoj,2
deam,6
schematic,4
aobut,2
overlapped,2
hamillton,2
kotcm,2
zipper,32
frigg,2
carlp,2
paukstis,2
constant,4
concord,2
mold,2
nylon,2
noplace,2
spokane,2
ellipse,2
ykk,4
knob,2
keeps,2
instability,2
gravitational,2
drip,2
viscera,2
foolhardy,2
experimenter,2
cum,2
muscle,2
ounce,2
possess,2
instinctual,2
heuristic,2
bloodlust,2
raven,2
hunger,2
poop,2
painstakingly,2
manicure,2
tended,2
whilst,2
replenish,2
inexhaustible,2
formidable,2
mayhem,2
atrophy,2
sedentary,2
keyboard,2
toolbox,2
grasp,2
bludgeon,2
dire,2
necessity,2
amazement,2
leapt,2
quiver,2
exclaim,2
bicep,2
brandish,2
invincibility,2
stalk,2
environ,2
domicile,2
accurately,2
subservience,2
unmitigated,2
hilarity,2
surprising,2
reliably,2
crisis,2
directional,2
randomly,2
futile,2
millisecond,2
krauser,2
dk,2
bux,2
volkswagen,2
neill,2
plier,4
tossed,2
lure,2
inhale,2
swivel,2
worsen,2
trolling,2
scheme,4
townfull,2
indiscretion,6
partyer,2
threaten,2
harmless,4
rowdiness,2
ironically,2
townsfolk,2
minority,2
wuss,2
laughin,2
newbies,2
bitin,2
kinetic,2
bimota,2
paste,4
acratche,2
paintwork,2
lustre,2
metallic,2
principle,2
coarseness,2
vastly,2
earle,8
package,6
brackets,2
hdware,2
footrest,2
grey,2
paintthat,2
terminate,2
negotiable,2
awhite,4
anasazi,2
village,2
dixie,2
stunning,2
hiratsuka,2
conspicuity,2
incidence,2
shallow,2
whoever,2
cheat,2
santac,4
santarcangelo,2
forsale,2
mitsubishi,2
asthetically,2
turboe,2
bennington,2
vermont,2
grave,2
poppy,2
fabrication,2
establishe,2
foodie,8
milford,8
assortment,8
folks,8
continuity,4
hl,4
accidentally,2
paraffin,2
sank,2
dismantle,2
laurie,2
startle,2
habbit,2
heavilly,2
interchangeable,2
nit,2
standardisation,2
cibie,4
contradiction,2
cheaply,2
tzr,2
stopping,2
whereinthehell,2
cambridge,4
ogrite,2
milton,2
ely,2
district,2
mcc,2
erect,2
floppy,2
flaccid,2
unsatisfying,2
drinckes,2
hhmmm,2
uncle,2
modulation,2
pannier,2
insistence,2
headache,2
sbrandt,2
brandt,4
michelle,8
wedding,4
harbor,4
maine,2
simmon,6
prescription,2
laguna,2
mistakesif,2
endanger,2
misuse,4
accompany,2
squildly,2
intruder,6
browse,2
moseid,2
implant,2
hormone,2
laughter,2
karstein,4
holen,4
drivin,2
probarly,2
khool,2
hangarond,2
pendulum,2
erratic,2
parrot,2
cordinal,2
poo,2
xv,2
louisville,2
gwwra,2
phoenix,2
az,2
yeeehaaa,2
picken,2
strangelove,2
strokes,2
quicker,2
stongly,2
machanic,2
jetting,2
manolo,8
bloqueo,2
manuel,4
arrevola,4
velasco,4
fundesco,4
calle,4
alcala,4
borderline,2
derek,4
vvvvvvvvvvvvvvvvvvvvv,2
vvvvvvvvvv,2
inflict,2
virus,2
mainframe,2
blockbuster,2
yah,2
refined,2
civilized,2
being,2
goo,4
gone,4
officially,4
delcare,4
recede,2
adhere,2
examiner,2
bmf,2
requires,2
kerb,2
rejigge,2
woefully,2
simplistic,2
jbuhl,2
jesper,2
buhl,2
offocially,4
ultimately,2
password,2
mode,2
notify,2
inclusion,2
pictures,2
stanley,2
i,2
nomad,4
leighd,6
leigh,6
dodd,4
littlehampton,2
brighton,4
streetwise,2
cbt,2
eap,2
ext,2
janet,2
boast,2
fillup,2
torrey,2
coarse,2
wool,2
uncanny,2
knack,2
imperfection,2
miapplication,2
degrees,2
mccandlish,2
buckeye,2
worm,2
vodka,2
limo,2
mater,2
loch,2
faircloth,2
democrat,2
republican,2
sanford,2
moan,2
jesse,2
helms,2
slashfive,2
squiddly,2
woudl,2
preclude,2
subsidation,2
avec,2
schaft,2
stiel,2
pfeil,2
strahl,2
welle,2
deichsel,2
schacht,2
bamboozle,2
beguile,6
deceive,2
hoodwink,2
crusade,6
decieve,2
crusader,2
innefective,2
orovn,2
oleg,2
rovner,2
generator,2
nitro,2
maroon,2
chilly,4
struggle,4
loosen,4
checking,2
lowish,2
recheck,2
mtaffe,4
taffe,6
wesfalia,2
camper,2
van,6
pathetic,2
utilitarian,2
peach,2
alleviate,2
boredom,2
poignant,2
batf,2
artillery,2
frustrated,2
gp,4
silverstone,2
erase,2
mcnally,2
mgarber,2
hypeman,4
zippy,4
pontiac,2
topaz,2
booom,4
modification,2
rhett,2
barne,2
torturous,2
amplify,2
sag,4
completeley,2
kidney,2
comfy,2
rbarne,2
mfox,4
fox,8
alright,4
retain,4
paraphenalia,2
wristwatch,2
bandana,2
undercover,2
badass,2
crane,6
wench,2
module,6
penis,2
enhancer,2
soldering,2
adopt,4
collidin,4
megaphone,2
opti,2
loacl,2
injector,2
breaking,2
vacilate,2
reintroduce,2
zeno,2
paradox,2
unveil,2
mullignj,2
chunk,4
wattage,2
blip,2
atttention,2
flatten,2
vaporize,2
gasohol,2
pe,2
perfomance,2
neigh,2
newpaper,2
impressionistic,2
speculation,2
delusion,2
dragster,2
snark,2
iso,2
encourage,2
varied,2
craving,2
bronc,2
unpleasantness,2
filament,4
crx,2
tempter,2
neat,4
animals,2
hannigan,2
kraut,2
shepard,2
angrier,2
obnoxiously,2
frighten,2
deceased,2
carcass,2
freak,2
squarely,2
destination,2
fur,2
crud,2
yu,4
ee,2
neak,2
whhheeeeelllleeeee,2
tchum,2
inadvisable,2
fragile,2
hon,2
gerardo,2
arnaez,2
franks,4
tauru,2
contersteere,2
oxymoron,2
variable,2
loudness,2
spection,2
undoubtedly,2
enhanced,2
throaty,2
emit,2
unusually,2
novel,2
imitator,2
logicaly,2
rus,2
pampered,2
woffle,2
dschlot,2
schlotthauer,2
stumble,2
kaz,2
yoshima,2
developer,2
altitude,2
barometric,2
glitch,2
annoy,2
baffle,2
delta,2
used,2
verse,2
outrageous,2
isl,2
yoshimura,2
dough,2
calibur,2
laundromat,2
confer,2
bench,2
touching,2
platform,2
resettle,2
shriek,2
whop,2
tyke,2
brutally,2
terror,2
roam,2
experiance,2
controversial,2
fxdl,2
rmt,2
tweedie,4
kolob,2
cedar,6
fort,2
pioneer,2
kodachrome,2
monument,2
tubeless,2
commend,2
grapevine,2
objective,2
rvs,2
lumpy,2
mcardle,4
owen,4
whitton,4
netherlands,2
indicator,8
dutch,2
susse,2
knowing,2
cars,2
refers,1
